"id","category","trigger","condition","if_action","else_action","severity","source_doc"
"GH-0001","actions_run","Trigger actions_run #1: a specific actions_run event happens that needs policy lookup","condition_actions_run_1: a runtime boolean that the agent can evaluate","if_action_actions_run_1: do the correct thing per GitHub docs","else_action_actions_run_1: page on-call or block + require human","high","docs.github.com/actions_run"
"GH-0002","actions_run","Trigger actions_run #1: a specific actions_run event happens that needs policy lookup","condition_actions_run_2: a runtime boolean that the agent can evaluate","if_action_actions_run_2: do the correct thing per GitHub docs","else_action_actions_run_2: page on-call or block + require human","high","docs.github.com/actions_run"
"GH-0003","actions_run","Trigger actions_run #1: a specific actions_run event happens that needs policy lookup","condition_actions_run_3: a runtime boolean that the agent can evaluate","if_action_actions_run_3: do the correct thing per GitHub docs","else_action_actions_run_3: page on-call or block + require human","high","docs.github.com/actions_run"
"GH-0004","actions_run","Trigger actions_run #1: a specific actions_run event happens that needs policy lookup","condition_actions_run_4: a runtime boolean that the agent can evaluate","if_action_actions_run_4: do the correct thing per GitHub docs","else_action_actions_run_4: page on-call or block + require human","high","docs.github.com/actions_run"
"GH-0005","actions_run","Trigger actions_run #1: a specific actions_run event happens that needs policy lookup","condition_actions_run_5: a runtime boolean that the agent can evaluate","if_action_actions_run_5: do the correct thing per GitHub docs","else_action_actions_run_5: page on-call or block + require human","high","docs.github.com/actions_run"
"GH-0006","actions_run","Trigger actions_run #1: a specific actions_run event happens that needs policy lookup","condition_actions_run_6: a runtime boolean that the agent can evaluate","if_action_actions_run_6: do the correct thing per GitHub docs","else_action_actions_run_6: page on-call or block + require human","high","docs.github.com/actions_run"
"GH-0007","actions_run","Trigger actions_run #1: a specific actions_run event happens that needs policy lookup","condition_actions_run_7: a runtime boolean that the agent can evaluate","if_action_actions_run_7: do the correct thing per GitHub docs","else_action_actions_run_7: page on-call or block + require human","high","docs.github.com/actions_run"
"GH-0008","actions_run","Trigger actions_run #1: a specific actions_run event happens that needs policy lookup","condition_actions_run_8: a runtime boolean that the agent can evaluate","if_action_actions_run_8: do the correct thing per GitHub docs","else_action_actions_run_8: page on-call or block + require human","high","docs.github.com/actions_run"
"GH-0009","actions_run","Trigger actions_run #1: a specific actions_run event happens that needs policy lookup","condition_actions_run_9: a runtime boolean that the agent can evaluate","if_action_actions_run_9: do the correct thing per GitHub docs","else_action_actions_run_1: page on-call or block + require human","high","docs.github.com/actions_run"
"GH-0010","actions_run","Trigger actions_run #1: a specific actions_run event happens that needs policy lookup","condition_actions_run_10: a runtime boolean that the agent can evaluate","if_action_actions_run_10: do the correct thing per GitHub docs","else_action_actions_run_2: page on-call or block + require human","high","docs.github.com/actions_run"
"GH-0011","actions_run","Trigger actions_run #1: a specific actions_run event happens that needs policy lookup","condition_actions_run_11: a runtime boolean that the agent can evaluate","if_action_actions_run_11: do the correct thing per GitHub docs","else_action_actions_run_3: page on-call or block + require human","high","docs.github.com/actions_run"
"GH-0012","actions_run","Trigger actions_run #1: a specific actions_run event happens that needs policy lookup","condition_actions_run_12: a runtime boolean that the agent can evaluate","if_action_actions_run_12: do the correct thing per GitHub docs","else_action_actions_run_4: page on-call or block + require human","high","docs.github.com/actions_run"
"GH-0013","actions_run","Trigger actions_run #1: a specific actions_run event happens that needs policy lookup","condition_actions_run_13: a runtime boolean that the agent can evaluate","if_action_actions_run_13: do the correct thing per GitHub docs","else_action_actions_run_5: page on-call or block + require human","high","docs.github.com/actions_run"
"GH-0014","actions_run","Trigger actions_run #1: a specific actions_run event happens that needs policy lookup","condition_actions_run_14: a runtime boolean that the agent can evaluate","if_action_actions_run_14: do the correct thing per GitHub docs","else_action_actions_run_6: page on-call or block + require human","high","docs.github.com/actions_run"
"GH-0015","actions_run","Trigger actions_run #1: a specific actions_run event happens that needs policy lookup","condition_actions_run_15: a runtime boolean that the agent can evaluate","if_action_actions_run_15: do the correct thing per GitHub docs","else_action_actions_run_7: page on-call or block + require human","high","docs.github.com/actions_run"
"GH-0016","actions_run","Trigger actions_run #1: a specific actions_run event happens that needs policy lookup","condition_actions_run_16: a runtime boolean that the agent can evaluate","if_action_actions_run_1: do the correct thing per GitHub docs","else_action_actions_run_8: page on-call or block + require human","high","docs.github.com/actions_run"
"GH-0017","actions_run","Trigger actions_run #1: a specific actions_run event happens that needs policy lookup","condition_actions_run_17: a runtime boolean that the agent can evaluate","if_action_actions_run_2: do the correct thing per GitHub docs","else_action_actions_run_1: page on-call or block + require human","high","docs.github.com/actions_run"
"GH-0018","actions_run","Trigger actions_run #1: a specific actions_run event happens that needs policy lookup","condition_actions_run_18: a runtime boolean that the agent can evaluate","if_action_actions_run_3: do the correct thing per GitHub docs","else_action_actions_run_2: page on-call or block + require human","high","docs.github.com/actions_run"
"GH-0019","actions_run","Trigger actions_run #1: a specific actions_run event happens that needs policy lookup","condition_actions_run_19: a runtime boolean that the agent can evaluate","if_action_actions_run_4: do the correct thing per GitHub docs","else_action_actions_run_3: page on-call or block + require human","high","docs.github.com/actions_run"
"GH-0020","actions_run","Trigger actions_run #1: a specific actions_run event happens that needs policy lookup","condition_actions_run_20: a runtime boolean that the agent can evaluate","if_action_actions_run_5: do the correct thing per GitHub docs","else_action_actions_run_4: page on-call or block + require human","high","docs.github.com/actions_run"
"GH-0021","actions_run","Trigger actions_run #2: a specific actions_run event happens that needs policy lookup","condition_actions_run_1: a runtime boolean that the agent can evaluate","if_action_actions_run_2: do the correct thing per GitHub docs","else_action_actions_run_1: page on-call or block + require human","high","docs.github.com/actions_run"
"GH-0022","actions_run","Trigger actions_run #2: a specific actions_run event happens that needs policy lookup","condition_actions_run_2: a runtime boolean that the agent can evaluate","if_action_actions_run_3: do the correct thing per GitHub docs","else_action_actions_run_2: page on-call or block + require human","high","docs.github.com/actions_run"
"GH-0023","actions_run","Trigger actions_run #2: a specific actions_run event happens that needs policy lookup","condition_actions_run_3: a runtime boolean that the agent can evaluate","if_action_actions_run_4: do the correct thing per GitHub docs","else_action_actions_run_3: page on-call or block + require human","high","docs.github.com/actions_run"
"GH-0024","actions_run","Trigger actions_run #2: a specific actions_run event happens that needs policy lookup","condition_actions_run_4: a runtime boolean that the agent can evaluate","if_action_actions_run_5: do the correct thing per GitHub docs","else_action_actions_run_4: page on-call or block + require human","high","docs.github.com/actions_run"
"GH-0025","actions_run","Trigger actions_run #2: a specific actions_run event happens that needs policy lookup","condition_actions_run_5: a runtime boolean that the agent can evaluate","if_action_actions_run_6: do the correct thing per GitHub docs","else_action_actions_run_5: page on-call or block + require human","high","docs.github.com/actions_run"
"GH-0026","actions_run","Trigger actions_run #2: a specific actions_run event happens that needs policy lookup","condition_actions_run_6: a runtime boolean that the agent can evaluate","if_action_actions_run_7: do the correct thing per GitHub docs","else_action_actions_run_6: page on-call or block + require human","high","docs.github.com/actions_run"
"GH-0027","actions_run","Trigger actions_run #2: a specific actions_run event happens that needs policy lookup","condition_actions_run_7: a runtime boolean that the agent can evaluate","if_action_actions_run_8: do the correct thing per GitHub docs","else_action_actions_run_7: page on-call or block + require human","high","docs.github.com/actions_run"
"GH-0028","actions_run","Trigger actions_run #2: a specific actions_run event happens that needs policy lookup","condition_actions_run_8: a runtime boolean that the agent can evaluate","if_action_actions_run_9: do the correct thing per GitHub docs","else_action_actions_run_8: page on-call or block + require human","high","docs.github.com/actions_run"
"GH-0029","actions_run","Trigger actions_run #2: a specific actions_run event happens that needs policy lookup","condition_actions_run_9: a runtime boolean that the agent can evaluate","if_action_actions_run_10: do the correct thing per GitHub docs","else_action_actions_run_1: page on-call or block + require human","high","docs.github.com/actions_run"
"GH-0030","actions_run","Trigger actions_run #2: a specific actions_run event happens that needs policy lookup","condition_actions_run_10: a runtime boolean that the agent can evaluate","if_action_actions_run_11: do the correct thing per GitHub docs","else_action_actions_run_2: page on-call or block + require human","high","docs.github.com/actions_run"
"GH-0031","actions_run","Trigger actions_run #2: a specific actions_run event happens that needs policy lookup","condition_actions_run_11: a runtime boolean that the agent can evaluate","if_action_actions_run_12: do the correct thing per GitHub docs","else_action_actions_run_3: page on-call or block + require human","high","docs.github.com/actions_run"
"GH-0032","actions_run","Trigger actions_run #2: a specific actions_run event happens that needs policy lookup","condition_actions_run_12: a runtime boolean that the agent can evaluate","if_action_actions_run_13: do the correct thing per GitHub docs","else_action_actions_run_4: page on-call or block + require human","high","docs.github.com/actions_run"
"GH-0033","actions_run","Trigger actions_run #2: a specific actions_run event happens that needs policy lookup","condition_actions_run_13: a runtime boolean that the agent can evaluate","if_action_actions_run_14: do the correct thing per GitHub docs","else_action_actions_run_5: page on-call or block + require human","high","docs.github.com/actions_run"
"GH-0034","actions_run","Trigger actions_run #2: a specific actions_run event happens that needs policy lookup","condition_actions_run_14: a runtime boolean that the agent can evaluate","if_action_actions_run_15: do the correct thing per GitHub docs","else_action_actions_run_6: page on-call or block + require human","high","docs.github.com/actions_run"
"GH-0035","actions_run","Trigger actions_run #2: a specific actions_run event happens that needs policy lookup","condition_actions_run_15: a runtime boolean that the agent can evaluate","if_action_actions_run_1: do the correct thing per GitHub docs","else_action_actions_run_7: page on-call or block + require human","high","docs.github.com/actions_run"
"GH-0036","actions_run","Trigger actions_run #2: a specific actions_run event happens that needs policy lookup","condition_actions_run_16: a runtime boolean that the agent can evaluate","if_action_actions_run_2: do the correct thing per GitHub docs","else_action_actions_run_8: page on-call or block + require human","high","docs.github.com/actions_run"
"GH-0037","actions_run","Trigger actions_run #2: a specific actions_run event happens that needs policy lookup","condition_actions_run_17: a runtime boolean that the agent can evaluate","if_action_actions_run_3: do the correct thing per GitHub docs","else_action_actions_run_1: page on-call or block + require human","high","docs.github.com/actions_run"
"GH-0038","actions_run","Trigger actions_run #2: a specific actions_run event happens that needs policy lookup","condition_actions_run_18: a runtime boolean that the agent can evaluate","if_action_actions_run_4: do the correct thing per GitHub docs","else_action_actions_run_2: page on-call or block + require human","high","docs.github.com/actions_run"
"GH-0039","actions_run","Trigger actions_run #2: a specific actions_run event happens that needs policy lookup","condition_actions_run_19: a runtime boolean that the agent can evaluate","if_action_actions_run_5: do the correct thing per GitHub docs","else_action_actions_run_3: page on-call or block + require human","high","docs.github.com/actions_run"
"GH-0040","actions_run","Trigger actions_run #2: a specific actions_run event happens that needs policy lookup","condition_actions_run_20: a runtime boolean that the agent can evaluate","if_action_actions_run_6: do the correct thing per GitHub docs","else_action_actions_run_4: page on-call or block + require human","high","docs.github.com/actions_run"
"GH-0041","actions_run","Trigger actions_run #3: a specific actions_run event happens that needs policy lookup","condition_actions_run_1: a runtime boolean that the agent can evaluate","if_action_actions_run_3: do the correct thing per GitHub docs","else_action_actions_run_1: page on-call or block + require human","high","docs.github.com/actions_run"
"GH-0042","actions_run","Trigger actions_run #3: a specific actions_run event happens that needs policy lookup","condition_actions_run_2: a runtime boolean that the agent can evaluate","if_action_actions_run_4: do the correct thing per GitHub docs","else_action_actions_run_2: page on-call or block + require human","high","docs.github.com/actions_run"
"GH-0043","actions_run","Trigger actions_run #3: a specific actions_run event happens that needs policy lookup","condition_actions_run_3: a runtime boolean that the agent can evaluate","if_action_actions_run_5: do the correct thing per GitHub docs","else_action_actions_run_3: page on-call or block + require human","high","docs.github.com/actions_run"
"GH-0044","actions_run","Trigger actions_run #3: a specific actions_run event happens that needs policy lookup","condition_actions_run_4: a runtime boolean that the agent can evaluate","if_action_actions_run_6: do the correct thing per GitHub docs","else_action_actions_run_4: page on-call or block + require human","high","docs.github.com/actions_run"
"GH-0045","actions_run","Trigger actions_run #3: a specific actions_run event happens that needs policy lookup","condition_actions_run_5: a runtime boolean that the agent can evaluate","if_action_actions_run_7: do the correct thing per GitHub docs","else_action_actions_run_5: page on-call or block + require human","high","docs.github.com/actions_run"
"GH-0046","actions_run","Trigger actions_run #3: a specific actions_run event happens that needs policy lookup","condition_actions_run_6: a runtime boolean that the agent can evaluate","if_action_actions_run_8: do the correct thing per GitHub docs","else_action_actions_run_6: page on-call or block + require human","high","docs.github.com/actions_run"
"GH-0047","actions_run","Trigger actions_run #3: a specific actions_run event happens that needs policy lookup","condition_actions_run_7: a runtime boolean that the agent can evaluate","if_action_actions_run_9: do the correct thing per GitHub docs","else_action_actions_run_7: page on-call or block + require human","high","docs.github.com/actions_run"
"GH-0048","actions_run","Trigger actions_run #3: a specific actions_run event happens that needs policy lookup","condition_actions_run_8: a runtime boolean that the agent can evaluate","if_action_actions_run_10: do the correct thing per GitHub docs","else_action_actions_run_8: page on-call or block + require human","high","docs.github.com/actions_run"
"GH-0049","actions_run","Trigger actions_run #3: a specific actions_run event happens that needs policy lookup","condition_actions_run_9: a runtime boolean that the agent can evaluate","if_action_actions_run_11: do the correct thing per GitHub docs","else_action_actions_run_1: page on-call or block + require human","high","docs.github.com/actions_run"
"GH-0050","actions_run","Trigger actions_run #3: a specific actions_run event happens that needs policy lookup","condition_actions_run_10: a runtime boolean that the agent can evaluate","if_action_actions_run_12: do the correct thing per GitHub docs","else_action_actions_run_2: page on-call or block + require human","high","docs.github.com/actions_run"
"GH-0051","actions_run","Trigger actions_run #3: a specific actions_run event happens that needs policy lookup","condition_actions_run_11: a runtime boolean that the agent can evaluate","if_action_actions_run_13: do the correct thing per GitHub docs","else_action_actions_run_3: page on-call or block + require human","high","docs.github.com/actions_run"
"GH-0052","actions_run","Trigger actions_run #3: a specific actions_run event happens that needs policy lookup","condition_actions_run_12: a runtime boolean that the agent can evaluate","if_action_actions_run_14: do the correct thing per GitHub docs","else_action_actions_run_4: page on-call or block + require human","high","docs.github.com/actions_run"
"GH-0053","actions_run","Trigger actions_run #3: a specific actions_run event happens that needs policy lookup","condition_actions_run_13: a runtime boolean that the agent can evaluate","if_action_actions_run_15: do the correct thing per GitHub docs","else_action_actions_run_5: page on-call or block + require human","high","docs.github.com/actions_run"
"GH-0054","actions_run","Trigger actions_run #3: a specific actions_run event happens that needs policy lookup","condition_actions_run_14: a runtime boolean that the agent can evaluate","if_action_actions_run_1: do the correct thing per GitHub docs","else_action_actions_run_6: page on-call or block + require human","high","docs.github.com/actions_run"
"GH-0055","actions_run","Trigger actions_run #3: a specific actions_run event happens that needs policy lookup","condition_actions_run_15: a runtime boolean that the agent can evaluate","if_action_actions_run_2: do the correct thing per GitHub docs","else_action_actions_run_7: page on-call or block + require human","high","docs.github.com/actions_run"
"GH-0056","actions_run","Trigger actions_run #3: a specific actions_run event happens that needs policy lookup","condition_actions_run_16: a runtime boolean that the agent can evaluate","if_action_actions_run_3: do the correct thing per GitHub docs","else_action_actions_run_8: page on-call or block + require human","high","docs.github.com/actions_run"
"GH-0057","actions_run","Trigger actions_run #3: a specific actions_run event happens that needs policy lookup","condition_actions_run_17: a runtime boolean that the agent can evaluate","if_action_actions_run_4: do the correct thing per GitHub docs","else_action_actions_run_1: page on-call or block + require human","high","docs.github.com/actions_run"
"GH-0058","actions_run","Trigger actions_run #3: a specific actions_run event happens that needs policy lookup","condition_actions_run_18: a runtime boolean that the agent can evaluate","if_action_actions_run_5: do the correct thing per GitHub docs","else_action_actions_run_2: page on-call or block + require human","high","docs.github.com/actions_run"
"GH-0059","actions_run","Trigger actions_run #3: a specific actions_run event happens that needs policy lookup","condition_actions_run_19: a runtime boolean that the agent can evaluate","if_action_actions_run_6: do the correct thing per GitHub docs","else_action_actions_run_3: page on-call or block + require human","high","docs.github.com/actions_run"
"GH-0060","actions_run","Trigger actions_run #3: a specific actions_run event happens that needs policy lookup","condition_actions_run_20: a runtime boolean that the agent can evaluate","if_action_actions_run_7: do the correct thing per GitHub docs","else_action_actions_run_4: page on-call or block + require human","high","docs.github.com/actions_run"
"GH-0061","actions_run","Trigger actions_run #4: a specific actions_run event happens that needs policy lookup","condition_actions_run_1: a runtime boolean that the agent can evaluate","if_action_actions_run_4: do the correct thing per GitHub docs","else_action_actions_run_1: page on-call or block + require human","high","docs.github.com/actions_run"
"GH-0062","actions_run","Trigger actions_run #4: a specific actions_run event happens that needs policy lookup","condition_actions_run_2: a runtime boolean that the agent can evaluate","if_action_actions_run_5: do the correct thing per GitHub docs","else_action_actions_run_2: page on-call or block + require human","high","docs.github.com/actions_run"
"GH-0063","actions_run","Trigger actions_run #4: a specific actions_run event happens that needs policy lookup","condition_actions_run_3: a runtime boolean that the agent can evaluate","if_action_actions_run_6: do the correct thing per GitHub docs","else_action_actions_run_3: page on-call or block + require human","high","docs.github.com/actions_run"
"GH-0064","actions_run","Trigger actions_run #4: a specific actions_run event happens that needs policy lookup","condition_actions_run_4: a runtime boolean that the agent can evaluate","if_action_actions_run_7: do the correct thing per GitHub docs","else_action_actions_run_4: page on-call or block + require human","high","docs.github.com/actions_run"
"GH-0065","actions_run","Trigger actions_run #4: a specific actions_run event happens that needs policy lookup","condition_actions_run_5: a runtime boolean that the agent can evaluate","if_action_actions_run_8: do the correct thing per GitHub docs","else_action_actions_run_5: page on-call or block + require human","high","docs.github.com/actions_run"
"GH-0066","actions_run","Trigger actions_run #4: a specific actions_run event happens that needs policy lookup","condition_actions_run_6: a runtime boolean that the agent can evaluate","if_action_actions_run_9: do the correct thing per GitHub docs","else_action_actions_run_6: page on-call or block + require human","high","docs.github.com/actions_run"
"GH-0067","actions_run","Trigger actions_run #4: a specific actions_run event happens that needs policy lookup","condition_actions_run_7: a runtime boolean that the agent can evaluate","if_action_actions_run_10: do the correct thing per GitHub docs","else_action_actions_run_7: page on-call or block + require human","high","docs.github.com/actions_run"
"GH-0068","actions_run","Trigger actions_run #4: a specific actions_run event happens that needs policy lookup","condition_actions_run_8: a runtime boolean that the agent can evaluate","if_action_actions_run_11: do the correct thing per GitHub docs","else_action_actions_run_8: page on-call or block + require human","high","docs.github.com/actions_run"
"GH-0069","actions_run","Trigger actions_run #4: a specific actions_run event happens that needs policy lookup","condition_actions_run_9: a runtime boolean that the agent can evaluate","if_action_actions_run_12: do the correct thing per GitHub docs","else_action_actions_run_1: page on-call or block + require human","high","docs.github.com/actions_run"
"GH-0070","actions_run","Trigger actions_run #4: a specific actions_run event happens that needs policy lookup","condition_actions_run_10: a runtime boolean that the agent can evaluate","if_action_actions_run_13: do the correct thing per GitHub docs","else_action_actions_run_2: page on-call or block + require human","high","docs.github.com/actions_run"
"GH-0071","actions_run","Trigger actions_run #4: a specific actions_run event happens that needs policy lookup","condition_actions_run_11: a runtime boolean that the agent can evaluate","if_action_actions_run_14: do the correct thing per GitHub docs","else_action_actions_run_3: page on-call or block + require human","high","docs.github.com/actions_run"
"GH-0072","actions_run","Trigger actions_run #4: a specific actions_run event happens that needs policy lookup","condition_actions_run_12: a runtime boolean that the agent can evaluate","if_action_actions_run_15: do the correct thing per GitHub docs","else_action_actions_run_4: page on-call or block + require human","high","docs.github.com/actions_run"
"GH-0073","actions_run","Trigger actions_run #4: a specific actions_run event happens that needs policy lookup","condition_actions_run_13: a runtime boolean that the agent can evaluate","if_action_actions_run_1: do the correct thing per GitHub docs","else_action_actions_run_5: page on-call or block + require human","high","docs.github.com/actions_run"
"GH-0074","actions_run","Trigger actions_run #4: a specific actions_run event happens that needs policy lookup","condition_actions_run_14: a runtime boolean that the agent can evaluate","if_action_actions_run_2: do the correct thing per GitHub docs","else_action_actions_run_6: page on-call or block + require human","high","docs.github.com/actions_run"
"GH-0075","actions_run","Trigger actions_run #4: a specific actions_run event happens that needs policy lookup","condition_actions_run_15: a runtime boolean that the agent can evaluate","if_action_actions_run_3: do the correct thing per GitHub docs","else_action_actions_run_7: page on-call or block + require human","high","docs.github.com/actions_run"
"GH-0076","actions_run","Trigger actions_run #4: a specific actions_run event happens that needs policy lookup","condition_actions_run_16: a runtime boolean that the agent can evaluate","if_action_actions_run_4: do the correct thing per GitHub docs","else_action_actions_run_8: page on-call or block + require human","high","docs.github.com/actions_run"
"GH-0077","actions_run","Trigger actions_run #4: a specific actions_run event happens that needs policy lookup","condition_actions_run_17: a runtime boolean that the agent can evaluate","if_action_actions_run_5: do the correct thing per GitHub docs","else_action_actions_run_1: page on-call or block + require human","high","docs.github.com/actions_run"
"GH-0078","actions_run","Trigger actions_run #4: a specific actions_run event happens that needs policy lookup","condition_actions_run_18: a runtime boolean that the agent can evaluate","if_action_actions_run_6: do the correct thing per GitHub docs","else_action_actions_run_2: page on-call or block + require human","high","docs.github.com/actions_run"
"GH-0079","actions_run","Trigger actions_run #4: a specific actions_run event happens that needs policy lookup","condition_actions_run_19: a runtime boolean that the agent can evaluate","if_action_actions_run_7: do the correct thing per GitHub docs","else_action_actions_run_3: page on-call or block + require human","high","docs.github.com/actions_run"
"GH-0080","actions_run","Trigger actions_run #4: a specific actions_run event happens that needs policy lookup","condition_actions_run_20: a runtime boolean that the agent can evaluate","if_action_actions_run_8: do the correct thing per GitHub docs","else_action_actions_run_4: page on-call or block + require human","high","docs.github.com/actions_run"
"GH-0081","actions_run","Trigger actions_run #5: a specific actions_run event happens that needs policy lookup","condition_actions_run_1: a runtime boolean that the agent can evaluate","if_action_actions_run_5: do the correct thing per GitHub docs","else_action_actions_run_1: page on-call or block + require human","high","docs.github.com/actions_run"
"GH-0082","actions_run","Trigger actions_run #5: a specific actions_run event happens that needs policy lookup","condition_actions_run_2: a runtime boolean that the agent can evaluate","if_action_actions_run_6: do the correct thing per GitHub docs","else_action_actions_run_2: page on-call or block + require human","high","docs.github.com/actions_run"
"GH-0083","actions_run","Trigger actions_run #5: a specific actions_run event happens that needs policy lookup","condition_actions_run_3: a runtime boolean that the agent can evaluate","if_action_actions_run_7: do the correct thing per GitHub docs","else_action_actions_run_3: page on-call or block + require human","high","docs.github.com/actions_run"
"GH-0084","actions_run","Trigger actions_run #5: a specific actions_run event happens that needs policy lookup","condition_actions_run_4: a runtime boolean that the agent can evaluate","if_action_actions_run_8: do the correct thing per GitHub docs","else_action_actions_run_4: page on-call or block + require human","high","docs.github.com/actions_run"
"GH-0085","actions_run","Trigger actions_run #5: a specific actions_run event happens that needs policy lookup","condition_actions_run_5: a runtime boolean that the agent can evaluate","if_action_actions_run_9: do the correct thing per GitHub docs","else_action_actions_run_5: page on-call or block + require human","high","docs.github.com/actions_run"
"GH-0086","actions_run","Trigger actions_run #5: a specific actions_run event happens that needs policy lookup","condition_actions_run_6: a runtime boolean that the agent can evaluate","if_action_actions_run_10: do the correct thing per GitHub docs","else_action_actions_run_6: page on-call or block + require human","high","docs.github.com/actions_run"
"GH-0087","actions_run","Trigger actions_run #5: a specific actions_run event happens that needs policy lookup","condition_actions_run_7: a runtime boolean that the agent can evaluate","if_action_actions_run_11: do the correct thing per GitHub docs","else_action_actions_run_7: page on-call or block + require human","high","docs.github.com/actions_run"
"GH-0088","actions_run","Trigger actions_run #5: a specific actions_run event happens that needs policy lookup","condition_actions_run_8: a runtime boolean that the agent can evaluate","if_action_actions_run_12: do the correct thing per GitHub docs","else_action_actions_run_8: page on-call or block + require human","high","docs.github.com/actions_run"
"GH-0089","actions_run","Trigger actions_run #5: a specific actions_run event happens that needs policy lookup","condition_actions_run_9: a runtime boolean that the agent can evaluate","if_action_actions_run_13: do the correct thing per GitHub docs","else_action_actions_run_1: page on-call or block + require human","high","docs.github.com/actions_run"
"GH-0090","actions_run","Trigger actions_run #5: a specific actions_run event happens that needs policy lookup","condition_actions_run_10: a runtime boolean that the agent can evaluate","if_action_actions_run_14: do the correct thing per GitHub docs","else_action_actions_run_2: page on-call or block + require human","high","docs.github.com/actions_run"
"GH-0091","actions_run","Trigger actions_run #5: a specific actions_run event happens that needs policy lookup","condition_actions_run_11: a runtime boolean that the agent can evaluate","if_action_actions_run_15: do the correct thing per GitHub docs","else_action_actions_run_3: page on-call or block + require human","high","docs.github.com/actions_run"
"GH-0092","actions_run","Trigger actions_run #5: a specific actions_run event happens that needs policy lookup","condition_actions_run_12: a runtime boolean that the agent can evaluate","if_action_actions_run_1: do the correct thing per GitHub docs","else_action_actions_run_4: page on-call or block + require human","high","docs.github.com/actions_run"
"GH-0093","actions_run","Trigger actions_run #5: a specific actions_run event happens that needs policy lookup","condition_actions_run_13: a runtime boolean that the agent can evaluate","if_action_actions_run_2: do the correct thing per GitHub docs","else_action_actions_run_5: page on-call or block + require human","high","docs.github.com/actions_run"
"GH-0094","actions_run","Trigger actions_run #5: a specific actions_run event happens that needs policy lookup","condition_actions_run_14: a runtime boolean that the agent can evaluate","if_action_actions_run_3: do the correct thing per GitHub docs","else_action_actions_run_6: page on-call or block + require human","high","docs.github.com/actions_run"
"GH-0095","actions_run","Trigger actions_run #5: a specific actions_run event happens that needs policy lookup","condition_actions_run_15: a runtime boolean that the agent can evaluate","if_action_actions_run_4: do the correct thing per GitHub docs","else_action_actions_run_7: page on-call or block + require human","high","docs.github.com/actions_run"
"GH-0096","actions_run","Trigger actions_run #5: a specific actions_run event happens that needs policy lookup","condition_actions_run_16: a runtime boolean that the agent can evaluate","if_action_actions_run_5: do the correct thing per GitHub docs","else_action_actions_run_8: page on-call or block + require human","high","docs.github.com/actions_run"
"GH-0097","actions_run","Trigger actions_run #5: a specific actions_run event happens that needs policy lookup","condition_actions_run_17: a runtime boolean that the agent can evaluate","if_action_actions_run_6: do the correct thing per GitHub docs","else_action_actions_run_1: page on-call or block + require human","high","docs.github.com/actions_run"
"GH-0098","actions_run","Trigger actions_run #5: a specific actions_run event happens that needs policy lookup","condition_actions_run_18: a runtime boolean that the agent can evaluate","if_action_actions_run_7: do the correct thing per GitHub docs","else_action_actions_run_2: page on-call or block + require human","high","docs.github.com/actions_run"
"GH-0099","actions_run","Trigger actions_run #5: a specific actions_run event happens that needs policy lookup","condition_actions_run_19: a runtime boolean that the agent can evaluate","if_action_actions_run_8: do the correct thing per GitHub docs","else_action_actions_run_3: page on-call or block + require human","high","docs.github.com/actions_run"
"GH-0100","actions_run","Trigger actions_run #5: a specific actions_run event happens that needs policy lookup","condition_actions_run_20: a runtime boolean that the agent can evaluate","if_action_actions_run_9: do the correct thing per GitHub docs","else_action_actions_run_4: page on-call or block + require human","high","docs.github.com/actions_run"
"GH-0101","actions_run","Trigger actions_run #6: a specific actions_run event happens that needs policy lookup","condition_actions_run_1: a runtime boolean that the agent can evaluate","if_action_actions_run_6: do the correct thing per GitHub docs","else_action_actions_run_1: page on-call or block + require human","high","docs.github.com/actions_run"
"GH-0102","actions_run","Trigger actions_run #6: a specific actions_run event happens that needs policy lookup","condition_actions_run_2: a runtime boolean that the agent can evaluate","if_action_actions_run_7: do the correct thing per GitHub docs","else_action_actions_run_2: page on-call or block + require human","high","docs.github.com/actions_run"
"GH-0103","actions_run","Trigger actions_run #6: a specific actions_run event happens that needs policy lookup","condition_actions_run_3: a runtime boolean that the agent can evaluate","if_action_actions_run_8: do the correct thing per GitHub docs","else_action_actions_run_3: page on-call or block + require human","high","docs.github.com/actions_run"
"GH-0104","actions_run","Trigger actions_run #6: a specific actions_run event happens that needs policy lookup","condition_actions_run_4: a runtime boolean that the agent can evaluate","if_action_actions_run_9: do the correct thing per GitHub docs","else_action_actions_run_4: page on-call or block + require human","high","docs.github.com/actions_run"
"GH-0105","actions_run","Trigger actions_run #6: a specific actions_run event happens that needs policy lookup","condition_actions_run_5: a runtime boolean that the agent can evaluate","if_action_actions_run_10: do the correct thing per GitHub docs","else_action_actions_run_5: page on-call or block + require human","high","docs.github.com/actions_run"
"GH-0106","actions_run","Trigger actions_run #6: a specific actions_run event happens that needs policy lookup","condition_actions_run_6: a runtime boolean that the agent can evaluate","if_action_actions_run_11: do the correct thing per GitHub docs","else_action_actions_run_6: page on-call or block + require human","high","docs.github.com/actions_run"
"GH-0107","actions_run","Trigger actions_run #6: a specific actions_run event happens that needs policy lookup","condition_actions_run_7: a runtime boolean that the agent can evaluate","if_action_actions_run_12: do the correct thing per GitHub docs","else_action_actions_run_7: page on-call or block + require human","high","docs.github.com/actions_run"
"GH-0108","actions_run","Trigger actions_run #6: a specific actions_run event happens that needs policy lookup","condition_actions_run_8: a runtime boolean that the agent can evaluate","if_action_actions_run_13: do the correct thing per GitHub docs","else_action_actions_run_8: page on-call or block + require human","high","docs.github.com/actions_run"
"GH-0109","actions_run","Trigger actions_run #6: a specific actions_run event happens that needs policy lookup","condition_actions_run_9: a runtime boolean that the agent can evaluate","if_action_actions_run_14: do the correct thing per GitHub docs","else_action_actions_run_1: page on-call or block + require human","high","docs.github.com/actions_run"
"GH-0110","actions_run","Trigger actions_run #6: a specific actions_run event happens that needs policy lookup","condition_actions_run_10: a runtime boolean that the agent can evaluate","if_action_actions_run_15: do the correct thing per GitHub docs","else_action_actions_run_2: page on-call or block + require human","high","docs.github.com/actions_run"
"GH-0111","actions_run","Trigger actions_run #6: a specific actions_run event happens that needs policy lookup","condition_actions_run_11: a runtime boolean that the agent can evaluate","if_action_actions_run_1: do the correct thing per GitHub docs","else_action_actions_run_3: page on-call or block + require human","high","docs.github.com/actions_run"
"GH-0112","actions_run","Trigger actions_run #6: a specific actions_run event happens that needs policy lookup","condition_actions_run_12: a runtime boolean that the agent can evaluate","if_action_actions_run_2: do the correct thing per GitHub docs","else_action_actions_run_4: page on-call or block + require human","high","docs.github.com/actions_run"
"GH-0113","actions_run","Trigger actions_run #6: a specific actions_run event happens that needs policy lookup","condition_actions_run_13: a runtime boolean that the agent can evaluate","if_action_actions_run_3: do the correct thing per GitHub docs","else_action_actions_run_5: page on-call or block + require human","high","docs.github.com/actions_run"
"GH-0114","actions_run","Trigger actions_run #6: a specific actions_run event happens that needs policy lookup","condition_actions_run_14: a runtime boolean that the agent can evaluate","if_action_actions_run_4: do the correct thing per GitHub docs","else_action_actions_run_6: page on-call or block + require human","high","docs.github.com/actions_run"
"GH-0115","actions_run","Trigger actions_run #6: a specific actions_run event happens that needs policy lookup","condition_actions_run_15: a runtime boolean that the agent can evaluate","if_action_actions_run_5: do the correct thing per GitHub docs","else_action_actions_run_7: page on-call or block + require human","high","docs.github.com/actions_run"
"GH-0116","actions_run","Trigger actions_run #6: a specific actions_run event happens that needs policy lookup","condition_actions_run_16: a runtime boolean that the agent can evaluate","if_action_actions_run_6: do the correct thing per GitHub docs","else_action_actions_run_8: page on-call or block + require human","high","docs.github.com/actions_run"
"GH-0117","actions_run","Trigger actions_run #6: a specific actions_run event happens that needs policy lookup","condition_actions_run_17: a runtime boolean that the agent can evaluate","if_action_actions_run_7: do the correct thing per GitHub docs","else_action_actions_run_1: page on-call or block + require human","high","docs.github.com/actions_run"
"GH-0118","actions_run","Trigger actions_run #6: a specific actions_run event happens that needs policy lookup","condition_actions_run_18: a runtime boolean that the agent can evaluate","if_action_actions_run_8: do the correct thing per GitHub docs","else_action_actions_run_2: page on-call or block + require human","high","docs.github.com/actions_run"
"GH-0119","actions_run","Trigger actions_run #6: a specific actions_run event happens that needs policy lookup","condition_actions_run_19: a runtime boolean that the agent can evaluate","if_action_actions_run_9: do the correct thing per GitHub docs","else_action_actions_run_3: page on-call or block + require human","high","docs.github.com/actions_run"
"GH-0120","actions_run","Trigger actions_run #6: a specific actions_run event happens that needs policy lookup","condition_actions_run_20: a runtime boolean that the agent can evaluate","if_action_actions_run_10: do the correct thing per GitHub docs","else_action_actions_run_4: page on-call or block + require human","high","docs.github.com/actions_run"
"GH-0121","actions_run","Trigger actions_run #7: a specific actions_run event happens that needs policy lookup","condition_actions_run_1: a runtime boolean that the agent can evaluate","if_action_actions_run_7: do the correct thing per GitHub docs","else_action_actions_run_1: page on-call or block + require human","high","docs.github.com/actions_run"
"GH-0122","actions_run","Trigger actions_run #7: a specific actions_run event happens that needs policy lookup","condition_actions_run_2: a runtime boolean that the agent can evaluate","if_action_actions_run_8: do the correct thing per GitHub docs","else_action_actions_run_2: page on-call or block + require human","high","docs.github.com/actions_run"
"GH-0123","actions_run","Trigger actions_run #7: a specific actions_run event happens that needs policy lookup","condition_actions_run_3: a runtime boolean that the agent can evaluate","if_action_actions_run_9: do the correct thing per GitHub docs","else_action_actions_run_3: page on-call or block + require human","high","docs.github.com/actions_run"
"GH-0124","actions_run","Trigger actions_run #7: a specific actions_run event happens that needs policy lookup","condition_actions_run_4: a runtime boolean that the agent can evaluate","if_action_actions_run_10: do the correct thing per GitHub docs","else_action_actions_run_4: page on-call or block + require human","high","docs.github.com/actions_run"
"GH-0125","actions_run","Trigger actions_run #7: a specific actions_run event happens that needs policy lookup","condition_actions_run_5: a runtime boolean that the agent can evaluate","if_action_actions_run_11: do the correct thing per GitHub docs","else_action_actions_run_5: page on-call or block + require human","high","docs.github.com/actions_run"
"GH-0126","actions_run","Trigger actions_run #7: a specific actions_run event happens that needs policy lookup","condition_actions_run_6: a runtime boolean that the agent can evaluate","if_action_actions_run_12: do the correct thing per GitHub docs","else_action_actions_run_6: page on-call or block + require human","high","docs.github.com/actions_run"
"GH-0127","actions_run","Trigger actions_run #7: a specific actions_run event happens that needs policy lookup","condition_actions_run_7: a runtime boolean that the agent can evaluate","if_action_actions_run_13: do the correct thing per GitHub docs","else_action_actions_run_7: page on-call or block + require human","high","docs.github.com/actions_run"
"GH-0128","actions_run","Trigger actions_run #7: a specific actions_run event happens that needs policy lookup","condition_actions_run_8: a runtime boolean that the agent can evaluate","if_action_actions_run_14: do the correct thing per GitHub docs","else_action_actions_run_8: page on-call or block + require human","high","docs.github.com/actions_run"
"GH-0129","actions_run","Trigger actions_run #7: a specific actions_run event happens that needs policy lookup","condition_actions_run_9: a runtime boolean that the agent can evaluate","if_action_actions_run_15: do the correct thing per GitHub docs","else_action_actions_run_1: page on-call or block + require human","high","docs.github.com/actions_run"
"GH-0130","actions_run","Trigger actions_run #7: a specific actions_run event happens that needs policy lookup","condition_actions_run_10: a runtime boolean that the agent can evaluate","if_action_actions_run_1: do the correct thing per GitHub docs","else_action_actions_run_2: page on-call or block + require human","high","docs.github.com/actions_run"
"GH-0131","actions_run","Trigger actions_run #7: a specific actions_run event happens that needs policy lookup","condition_actions_run_11: a runtime boolean that the agent can evaluate","if_action_actions_run_2: do the correct thing per GitHub docs","else_action_actions_run_3: page on-call or block + require human","high","docs.github.com/actions_run"
"GH-0132","actions_run","Trigger actions_run #7: a specific actions_run event happens that needs policy lookup","condition_actions_run_12: a runtime boolean that the agent can evaluate","if_action_actions_run_3: do the correct thing per GitHub docs","else_action_actions_run_4: page on-call or block + require human","high","docs.github.com/actions_run"
"GH-0133","actions_run","Trigger actions_run #7: a specific actions_run event happens that needs policy lookup","condition_actions_run_13: a runtime boolean that the agent can evaluate","if_action_actions_run_4: do the correct thing per GitHub docs","else_action_actions_run_5: page on-call or block + require human","high","docs.github.com/actions_run"
"GH-0134","actions_run","Trigger actions_run #7: a specific actions_run event happens that needs policy lookup","condition_actions_run_14: a runtime boolean that the agent can evaluate","if_action_actions_run_5: do the correct thing per GitHub docs","else_action_actions_run_6: page on-call or block + require human","high","docs.github.com/actions_run"
"GH-0135","actions_run","Trigger actions_run #7: a specific actions_run event happens that needs policy lookup","condition_actions_run_15: a runtime boolean that the agent can evaluate","if_action_actions_run_6: do the correct thing per GitHub docs","else_action_actions_run_7: page on-call or block + require human","high","docs.github.com/actions_run"
"GH-0136","actions_run","Trigger actions_run #7: a specific actions_run event happens that needs policy lookup","condition_actions_run_16: a runtime boolean that the agent can evaluate","if_action_actions_run_7: do the correct thing per GitHub docs","else_action_actions_run_8: page on-call or block + require human","high","docs.github.com/actions_run"
"GH-0137","actions_run","Trigger actions_run #7: a specific actions_run event happens that needs policy lookup","condition_actions_run_17: a runtime boolean that the agent can evaluate","if_action_actions_run_8: do the correct thing per GitHub docs","else_action_actions_run_1: page on-call or block + require human","high","docs.github.com/actions_run"
"GH-0138","actions_run","Trigger actions_run #7: a specific actions_run event happens that needs policy lookup","condition_actions_run_18: a runtime boolean that the agent can evaluate","if_action_actions_run_9: do the correct thing per GitHub docs","else_action_actions_run_2: page on-call or block + require human","high","docs.github.com/actions_run"
"GH-0139","actions_run","Trigger actions_run #7: a specific actions_run event happens that needs policy lookup","condition_actions_run_19: a runtime boolean that the agent can evaluate","if_action_actions_run_10: do the correct thing per GitHub docs","else_action_actions_run_3: page on-call or block + require human","high","docs.github.com/actions_run"
"GH-0140","actions_run","Trigger actions_run #7: a specific actions_run event happens that needs policy lookup","condition_actions_run_20: a runtime boolean that the agent can evaluate","if_action_actions_run_11: do the correct thing per GitHub docs","else_action_actions_run_4: page on-call or block + require human","high","docs.github.com/actions_run"
"GH-0141","actions_run","Trigger actions_run #8: a specific actions_run event happens that needs policy lookup","condition_actions_run_1: a runtime boolean that the agent can evaluate","if_action_actions_run_8: do the correct thing per GitHub docs","else_action_actions_run_1: page on-call or block + require human","high","docs.github.com/actions_run"
"GH-0142","actions_run","Trigger actions_run #8: a specific actions_run event happens that needs policy lookup","condition_actions_run_2: a runtime boolean that the agent can evaluate","if_action_actions_run_9: do the correct thing per GitHub docs","else_action_actions_run_2: page on-call or block + require human","high","docs.github.com/actions_run"
"GH-0143","actions_run","Trigger actions_run #8: a specific actions_run event happens that needs policy lookup","condition_actions_run_3: a runtime boolean that the agent can evaluate","if_action_actions_run_10: do the correct thing per GitHub docs","else_action_actions_run_3: page on-call or block + require human","high","docs.github.com/actions_run"
"GH-0144","actions_run","Trigger actions_run #8: a specific actions_run event happens that needs policy lookup","condition_actions_run_4: a runtime boolean that the agent can evaluate","if_action_actions_run_11: do the correct thing per GitHub docs","else_action_actions_run_4: page on-call or block + require human","high","docs.github.com/actions_run"
"GH-0145","actions_run","Trigger actions_run #8: a specific actions_run event happens that needs policy lookup","condition_actions_run_5: a runtime boolean that the agent can evaluate","if_action_actions_run_12: do the correct thing per GitHub docs","else_action_actions_run_5: page on-call or block + require human","high","docs.github.com/actions_run"
"GH-0146","actions_run","Trigger actions_run #8: a specific actions_run event happens that needs policy lookup","condition_actions_run_6: a runtime boolean that the agent can evaluate","if_action_actions_run_13: do the correct thing per GitHub docs","else_action_actions_run_6: page on-call or block + require human","high","docs.github.com/actions_run"
"GH-0147","actions_run","Trigger actions_run #8: a specific actions_run event happens that needs policy lookup","condition_actions_run_7: a runtime boolean that the agent can evaluate","if_action_actions_run_14: do the correct thing per GitHub docs","else_action_actions_run_7: page on-call or block + require human","high","docs.github.com/actions_run"
"GH-0148","actions_run","Trigger actions_run #8: a specific actions_run event happens that needs policy lookup","condition_actions_run_8: a runtime boolean that the agent can evaluate","if_action_actions_run_15: do the correct thing per GitHub docs","else_action_actions_run_8: page on-call or block + require human","high","docs.github.com/actions_run"
"GH-0149","actions_run","Trigger actions_run #8: a specific actions_run event happens that needs policy lookup","condition_actions_run_9: a runtime boolean that the agent can evaluate","if_action_actions_run_1: do the correct thing per GitHub docs","else_action_actions_run_1: page on-call or block + require human","high","docs.github.com/actions_run"
"GH-0150","actions_run","Trigger actions_run #8: a specific actions_run event happens that needs policy lookup","condition_actions_run_10: a runtime boolean that the agent can evaluate","if_action_actions_run_2: do the correct thing per GitHub docs","else_action_actions_run_2: page on-call or block + require human","high","docs.github.com/actions_run"
"GH-0151","actions_run","Trigger actions_run #8: a specific actions_run event happens that needs policy lookup","condition_actions_run_11: a runtime boolean that the agent can evaluate","if_action_actions_run_3: do the correct thing per GitHub docs","else_action_actions_run_3: page on-call or block + require human","high","docs.github.com/actions_run"
"GH-0152","actions_run","Trigger actions_run #8: a specific actions_run event happens that needs policy lookup","condition_actions_run_12: a runtime boolean that the agent can evaluate","if_action_actions_run_4: do the correct thing per GitHub docs","else_action_actions_run_4: page on-call or block + require human","high","docs.github.com/actions_run"
"GH-0153","actions_run","Trigger actions_run #8: a specific actions_run event happens that needs policy lookup","condition_actions_run_13: a runtime boolean that the agent can evaluate","if_action_actions_run_5: do the correct thing per GitHub docs","else_action_actions_run_5: page on-call or block + require human","high","docs.github.com/actions_run"
"GH-0154","actions_run","Trigger actions_run #8: a specific actions_run event happens that needs policy lookup","condition_actions_run_14: a runtime boolean that the agent can evaluate","if_action_actions_run_6: do the correct thing per GitHub docs","else_action_actions_run_6: page on-call or block + require human","high","docs.github.com/actions_run"
"GH-0155","actions_run","Trigger actions_run #8: a specific actions_run event happens that needs policy lookup","condition_actions_run_15: a runtime boolean that the agent can evaluate","if_action_actions_run_7: do the correct thing per GitHub docs","else_action_actions_run_7: page on-call or block + require human","high","docs.github.com/actions_run"
"GH-0156","actions_run","Trigger actions_run #8: a specific actions_run event happens that needs policy lookup","condition_actions_run_16: a runtime boolean that the agent can evaluate","if_action_actions_run_8: do the correct thing per GitHub docs","else_action_actions_run_8: page on-call or block + require human","high","docs.github.com/actions_run"
"GH-0157","actions_run","Trigger actions_run #8: a specific actions_run event happens that needs policy lookup","condition_actions_run_17: a runtime boolean that the agent can evaluate","if_action_actions_run_9: do the correct thing per GitHub docs","else_action_actions_run_1: page on-call or block + require human","high","docs.github.com/actions_run"
"GH-0158","actions_run","Trigger actions_run #8: a specific actions_run event happens that needs policy lookup","condition_actions_run_18: a runtime boolean that the agent can evaluate","if_action_actions_run_10: do the correct thing per GitHub docs","else_action_actions_run_2: page on-call or block + require human","high","docs.github.com/actions_run"
"GH-0159","actions_run","Trigger actions_run #8: a specific actions_run event happens that needs policy lookup","condition_actions_run_19: a runtime boolean that the agent can evaluate","if_action_actions_run_11: do the correct thing per GitHub docs","else_action_actions_run_3: page on-call or block + require human","high","docs.github.com/actions_run"
"GH-0160","actions_run","Trigger actions_run #8: a specific actions_run event happens that needs policy lookup","condition_actions_run_20: a runtime boolean that the agent can evaluate","if_action_actions_run_12: do the correct thing per GitHub docs","else_action_actions_run_4: page on-call or block + require human","high","docs.github.com/actions_run"
"GH-0161","actions_run","Trigger actions_run #9: a specific actions_run event happens that needs policy lookup","condition_actions_run_1: a runtime boolean that the agent can evaluate","if_action_actions_run_9: do the correct thing per GitHub docs","else_action_actions_run_1: page on-call or block + require human","high","docs.github.com/actions_run"
"GH-0162","actions_run","Trigger actions_run #9: a specific actions_run event happens that needs policy lookup","condition_actions_run_2: a runtime boolean that the agent can evaluate","if_action_actions_run_10: do the correct thing per GitHub docs","else_action_actions_run_2: page on-call or block + require human","high","docs.github.com/actions_run"
"GH-0163","actions_run","Trigger actions_run #9: a specific actions_run event happens that needs policy lookup","condition_actions_run_3: a runtime boolean that the agent can evaluate","if_action_actions_run_11: do the correct thing per GitHub docs","else_action_actions_run_3: page on-call or block + require human","high","docs.github.com/actions_run"
"GH-0164","actions_run","Trigger actions_run #9: a specific actions_run event happens that needs policy lookup","condition_actions_run_4: a runtime boolean that the agent can evaluate","if_action_actions_run_12: do the correct thing per GitHub docs","else_action_actions_run_4: page on-call or block + require human","high","docs.github.com/actions_run"
"GH-0165","actions_run","Trigger actions_run #9: a specific actions_run event happens that needs policy lookup","condition_actions_run_5: a runtime boolean that the agent can evaluate","if_action_actions_run_13: do the correct thing per GitHub docs","else_action_actions_run_5: page on-call or block + require human","high","docs.github.com/actions_run"
"GH-0166","actions_run","Trigger actions_run #9: a specific actions_run event happens that needs policy lookup","condition_actions_run_6: a runtime boolean that the agent can evaluate","if_action_actions_run_14: do the correct thing per GitHub docs","else_action_actions_run_6: page on-call or block + require human","high","docs.github.com/actions_run"
"GH-0167","actions_run","Trigger actions_run #9: a specific actions_run event happens that needs policy lookup","condition_actions_run_7: a runtime boolean that the agent can evaluate","if_action_actions_run_15: do the correct thing per GitHub docs","else_action_actions_run_7: page on-call or block + require human","high","docs.github.com/actions_run"
"GH-0168","actions_run","Trigger actions_run #9: a specific actions_run event happens that needs policy lookup","condition_actions_run_8: a runtime boolean that the agent can evaluate","if_action_actions_run_1: do the correct thing per GitHub docs","else_action_actions_run_8: page on-call or block + require human","high","docs.github.com/actions_run"
"GH-0169","actions_run","Trigger actions_run #9: a specific actions_run event happens that needs policy lookup","condition_actions_run_9: a runtime boolean that the agent can evaluate","if_action_actions_run_2: do the correct thing per GitHub docs","else_action_actions_run_1: page on-call or block + require human","high","docs.github.com/actions_run"
"GH-0170","actions_run","Trigger actions_run #9: a specific actions_run event happens that needs policy lookup","condition_actions_run_10: a runtime boolean that the agent can evaluate","if_action_actions_run_3: do the correct thing per GitHub docs","else_action_actions_run_2: page on-call or block + require human","high","docs.github.com/actions_run"
"GH-0171","actions_run","Trigger actions_run #9: a specific actions_run event happens that needs policy lookup","condition_actions_run_11: a runtime boolean that the agent can evaluate","if_action_actions_run_4: do the correct thing per GitHub docs","else_action_actions_run_3: page on-call or block + require human","high","docs.github.com/actions_run"
"GH-0172","actions_run","Trigger actions_run #9: a specific actions_run event happens that needs policy lookup","condition_actions_run_12: a runtime boolean that the agent can evaluate","if_action_actions_run_5: do the correct thing per GitHub docs","else_action_actions_run_4: page on-call or block + require human","high","docs.github.com/actions_run"
"GH-0173","actions_run","Trigger actions_run #9: a specific actions_run event happens that needs policy lookup","condition_actions_run_13: a runtime boolean that the agent can evaluate","if_action_actions_run_6: do the correct thing per GitHub docs","else_action_actions_run_5: page on-call or block + require human","high","docs.github.com/actions_run"
"GH-0174","actions_run","Trigger actions_run #9: a specific actions_run event happens that needs policy lookup","condition_actions_run_14: a runtime boolean that the agent can evaluate","if_action_actions_run_7: do the correct thing per GitHub docs","else_action_actions_run_6: page on-call or block + require human","high","docs.github.com/actions_run"
"GH-0175","actions_run","Trigger actions_run #9: a specific actions_run event happens that needs policy lookup","condition_actions_run_15: a runtime boolean that the agent can evaluate","if_action_actions_run_8: do the correct thing per GitHub docs","else_action_actions_run_7: page on-call or block + require human","high","docs.github.com/actions_run"
"GH-0176","actions_run","Trigger actions_run #9: a specific actions_run event happens that needs policy lookup","condition_actions_run_16: a runtime boolean that the agent can evaluate","if_action_actions_run_9: do the correct thing per GitHub docs","else_action_actions_run_8: page on-call or block + require human","high","docs.github.com/actions_run"
"GH-0177","actions_run","Trigger actions_run #9: a specific actions_run event happens that needs policy lookup","condition_actions_run_17: a runtime boolean that the agent can evaluate","if_action_actions_run_10: do the correct thing per GitHub docs","else_action_actions_run_1: page on-call or block + require human","high","docs.github.com/actions_run"
"GH-0178","actions_run","Trigger actions_run #9: a specific actions_run event happens that needs policy lookup","condition_actions_run_18: a runtime boolean that the agent can evaluate","if_action_actions_run_11: do the correct thing per GitHub docs","else_action_actions_run_2: page on-call or block + require human","high","docs.github.com/actions_run"
"GH-0179","actions_run","Trigger actions_run #9: a specific actions_run event happens that needs policy lookup","condition_actions_run_19: a runtime boolean that the agent can evaluate","if_action_actions_run_12: do the correct thing per GitHub docs","else_action_actions_run_3: page on-call or block + require human","high","docs.github.com/actions_run"
"GH-0180","actions_run","Trigger actions_run #9: a specific actions_run event happens that needs policy lookup","condition_actions_run_20: a runtime boolean that the agent can evaluate","if_action_actions_run_13: do the correct thing per GitHub docs","else_action_actions_run_4: page on-call or block + require human","high","docs.github.com/actions_run"
"GH-0181","actions_run","Trigger actions_run #10: a specific actions_run event happens that needs policy lookup","condition_actions_run_1: a runtime boolean that the agent can evaluate","if_action_actions_run_10: do the correct thing per GitHub docs","else_action_actions_run_1: page on-call or block + require human","high","docs.github.com/actions_run"
"GH-0182","actions_run","Trigger actions_run #10: a specific actions_run event happens that needs policy lookup","condition_actions_run_2: a runtime boolean that the agent can evaluate","if_action_actions_run_11: do the correct thing per GitHub docs","else_action_actions_run_2: page on-call or block + require human","high","docs.github.com/actions_run"
"GH-0183","actions_run","Trigger actions_run #10: a specific actions_run event happens that needs policy lookup","condition_actions_run_3: a runtime boolean that the agent can evaluate","if_action_actions_run_12: do the correct thing per GitHub docs","else_action_actions_run_3: page on-call or block + require human","high","docs.github.com/actions_run"
"GH-0184","actions_run","Trigger actions_run #10: a specific actions_run event happens that needs policy lookup","condition_actions_run_4: a runtime boolean that the agent can evaluate","if_action_actions_run_13: do the correct thing per GitHub docs","else_action_actions_run_4: page on-call or block + require human","high","docs.github.com/actions_run"
"GH-0185","actions_run","Trigger actions_run #10: a specific actions_run event happens that needs policy lookup","condition_actions_run_5: a runtime boolean that the agent can evaluate","if_action_actions_run_14: do the correct thing per GitHub docs","else_action_actions_run_5: page on-call or block + require human","high","docs.github.com/actions_run"
"GH-0186","actions_run","Trigger actions_run #10: a specific actions_run event happens that needs policy lookup","condition_actions_run_6: a runtime boolean that the agent can evaluate","if_action_actions_run_15: do the correct thing per GitHub docs","else_action_actions_run_6: page on-call or block + require human","high","docs.github.com/actions_run"
"GH-0187","actions_run","Trigger actions_run #10: a specific actions_run event happens that needs policy lookup","condition_actions_run_7: a runtime boolean that the agent can evaluate","if_action_actions_run_1: do the correct thing per GitHub docs","else_action_actions_run_7: page on-call or block + require human","high","docs.github.com/actions_run"
"GH-0188","actions_run","Trigger actions_run #10: a specific actions_run event happens that needs policy lookup","condition_actions_run_8: a runtime boolean that the agent can evaluate","if_action_actions_run_2: do the correct thing per GitHub docs","else_action_actions_run_8: page on-call or block + require human","high","docs.github.com/actions_run"
"GH-0189","actions_run","Trigger actions_run #10: a specific actions_run event happens that needs policy lookup","condition_actions_run_9: a runtime boolean that the agent can evaluate","if_action_actions_run_3: do the correct thing per GitHub docs","else_action_actions_run_1: page on-call or block + require human","high","docs.github.com/actions_run"
"GH-0190","actions_run","Trigger actions_run #10: a specific actions_run event happens that needs policy lookup","condition_actions_run_10: a runtime boolean that the agent can evaluate","if_action_actions_run_4: do the correct thing per GitHub docs","else_action_actions_run_2: page on-call or block + require human","high","docs.github.com/actions_run"
"GH-0191","actions_run","Trigger actions_run #10: a specific actions_run event happens that needs policy lookup","condition_actions_run_11: a runtime boolean that the agent can evaluate","if_action_actions_run_5: do the correct thing per GitHub docs","else_action_actions_run_3: page on-call or block + require human","high","docs.github.com/actions_run"
"GH-0192","actions_run","Trigger actions_run #10: a specific actions_run event happens that needs policy lookup","condition_actions_run_12: a runtime boolean that the agent can evaluate","if_action_actions_run_6: do the correct thing per GitHub docs","else_action_actions_run_4: page on-call or block + require human","high","docs.github.com/actions_run"
"GH-0193","actions_run","Trigger actions_run #10: a specific actions_run event happens that needs policy lookup","condition_actions_run_13: a runtime boolean that the agent can evaluate","if_action_actions_run_7: do the correct thing per GitHub docs","else_action_actions_run_5: page on-call or block + require human","high","docs.github.com/actions_run"
"GH-0194","actions_run","Trigger actions_run #10: a specific actions_run event happens that needs policy lookup","condition_actions_run_14: a runtime boolean that the agent can evaluate","if_action_actions_run_8: do the correct thing per GitHub docs","else_action_actions_run_6: page on-call or block + require human","high","docs.github.com/actions_run"
"GH-0195","actions_run","Trigger actions_run #10: a specific actions_run event happens that needs policy lookup","condition_actions_run_15: a runtime boolean that the agent can evaluate","if_action_actions_run_9: do the correct thing per GitHub docs","else_action_actions_run_7: page on-call or block + require human","high","docs.github.com/actions_run"
"GH-0196","actions_run","Trigger actions_run #10: a specific actions_run event happens that needs policy lookup","condition_actions_run_16: a runtime boolean that the agent can evaluate","if_action_actions_run_10: do the correct thing per GitHub docs","else_action_actions_run_8: page on-call or block + require human","high","docs.github.com/actions_run"
"GH-0197","actions_run","Trigger actions_run #10: a specific actions_run event happens that needs policy lookup","condition_actions_run_17: a runtime boolean that the agent can evaluate","if_action_actions_run_11: do the correct thing per GitHub docs","else_action_actions_run_1: page on-call or block + require human","high","docs.github.com/actions_run"
"GH-0198","actions_run","Trigger actions_run #10: a specific actions_run event happens that needs policy lookup","condition_actions_run_18: a runtime boolean that the agent can evaluate","if_action_actions_run_12: do the correct thing per GitHub docs","else_action_actions_run_2: page on-call or block + require human","high","docs.github.com/actions_run"
"GH-0199","actions_run","Trigger actions_run #10: a specific actions_run event happens that needs policy lookup","condition_actions_run_19: a runtime boolean that the agent can evaluate","if_action_actions_run_13: do the correct thing per GitHub docs","else_action_actions_run_3: page on-call or block + require human","high","docs.github.com/actions_run"
"GH-0200","actions_run","Trigger actions_run #10: a specific actions_run event happens that needs policy lookup","condition_actions_run_20: a runtime boolean that the agent can evaluate","if_action_actions_run_14: do the correct thing per GitHub docs","else_action_actions_run_4: page on-call or block + require human","high","docs.github.com/actions_run"
"GH-0201","actions_run","Trigger actions_run #11: a specific actions_run event happens that needs policy lookup","condition_actions_run_1: a runtime boolean that the agent can evaluate","if_action_actions_run_11: do the correct thing per GitHub docs","else_action_actions_run_1: page on-call or block + require human","high","docs.github.com/actions_run"
"GH-0202","actions_run","Trigger actions_run #11: a specific actions_run event happens that needs policy lookup","condition_actions_run_2: a runtime boolean that the agent can evaluate","if_action_actions_run_12: do the correct thing per GitHub docs","else_action_actions_run_2: page on-call or block + require human","high","docs.github.com/actions_run"
"GH-0203","actions_run","Trigger actions_run #11: a specific actions_run event happens that needs policy lookup","condition_actions_run_3: a runtime boolean that the agent can evaluate","if_action_actions_run_13: do the correct thing per GitHub docs","else_action_actions_run_3: page on-call or block + require human","high","docs.github.com/actions_run"
"GH-0204","actions_run","Trigger actions_run #11: a specific actions_run event happens that needs policy lookup","condition_actions_run_4: a runtime boolean that the agent can evaluate","if_action_actions_run_14: do the correct thing per GitHub docs","else_action_actions_run_4: page on-call or block + require human","high","docs.github.com/actions_run"
"GH-0205","actions_run","Trigger actions_run #11: a specific actions_run event happens that needs policy lookup","condition_actions_run_5: a runtime boolean that the agent can evaluate","if_action_actions_run_15: do the correct thing per GitHub docs","else_action_actions_run_5: page on-call or block + require human","high","docs.github.com/actions_run"
"GH-0206","actions_run","Trigger actions_run #11: a specific actions_run event happens that needs policy lookup","condition_actions_run_6: a runtime boolean that the agent can evaluate","if_action_actions_run_1: do the correct thing per GitHub docs","else_action_actions_run_6: page on-call or block + require human","high","docs.github.com/actions_run"
"GH-0207","actions_run","Trigger actions_run #11: a specific actions_run event happens that needs policy lookup","condition_actions_run_7: a runtime boolean that the agent can evaluate","if_action_actions_run_2: do the correct thing per GitHub docs","else_action_actions_run_7: page on-call or block + require human","high","docs.github.com/actions_run"
"GH-0208","actions_run","Trigger actions_run #11: a specific actions_run event happens that needs policy lookup","condition_actions_run_8: a runtime boolean that the agent can evaluate","if_action_actions_run_3: do the correct thing per GitHub docs","else_action_actions_run_8: page on-call or block + require human","high","docs.github.com/actions_run"
"GH-0209","actions_run","Trigger actions_run #11: a specific actions_run event happens that needs policy lookup","condition_actions_run_9: a runtime boolean that the agent can evaluate","if_action_actions_run_4: do the correct thing per GitHub docs","else_action_actions_run_1: page on-call or block + require human","high","docs.github.com/actions_run"
"GH-0210","actions_run","Trigger actions_run #11: a specific actions_run event happens that needs policy lookup","condition_actions_run_10: a runtime boolean that the agent can evaluate","if_action_actions_run_5: do the correct thing per GitHub docs","else_action_actions_run_2: page on-call or block + require human","high","docs.github.com/actions_run"
"GH-0211","actions_run","Trigger actions_run #11: a specific actions_run event happens that needs policy lookup","condition_actions_run_11: a runtime boolean that the agent can evaluate","if_action_actions_run_6: do the correct thing per GitHub docs","else_action_actions_run_3: page on-call or block + require human","high","docs.github.com/actions_run"
"GH-0212","actions_run","Trigger actions_run #11: a specific actions_run event happens that needs policy lookup","condition_actions_run_12: a runtime boolean that the agent can evaluate","if_action_actions_run_7: do the correct thing per GitHub docs","else_action_actions_run_4: page on-call or block + require human","high","docs.github.com/actions_run"
"GH-0213","actions_run","Trigger actions_run #11: a specific actions_run event happens that needs policy lookup","condition_actions_run_13: a runtime boolean that the agent can evaluate","if_action_actions_run_8: do the correct thing per GitHub docs","else_action_actions_run_5: page on-call or block + require human","high","docs.github.com/actions_run"
"GH-0214","actions_run","Trigger actions_run #11: a specific actions_run event happens that needs policy lookup","condition_actions_run_14: a runtime boolean that the agent can evaluate","if_action_actions_run_9: do the correct thing per GitHub docs","else_action_actions_run_6: page on-call or block + require human","high","docs.github.com/actions_run"
"GH-0215","actions_run","Trigger actions_run #11: a specific actions_run event happens that needs policy lookup","condition_actions_run_15: a runtime boolean that the agent can evaluate","if_action_actions_run_10: do the correct thing per GitHub docs","else_action_actions_run_7: page on-call or block + require human","high","docs.github.com/actions_run"
"GH-0216","actions_run","Trigger actions_run #11: a specific actions_run event happens that needs policy lookup","condition_actions_run_16: a runtime boolean that the agent can evaluate","if_action_actions_run_11: do the correct thing per GitHub docs","else_action_actions_run_8: page on-call or block + require human","high","docs.github.com/actions_run"
"GH-0217","actions_run","Trigger actions_run #11: a specific actions_run event happens that needs policy lookup","condition_actions_run_17: a runtime boolean that the agent can evaluate","if_action_actions_run_12: do the correct thing per GitHub docs","else_action_actions_run_1: page on-call or block + require human","high","docs.github.com/actions_run"
"GH-0218","actions_run","Trigger actions_run #11: a specific actions_run event happens that needs policy lookup","condition_actions_run_18: a runtime boolean that the agent can evaluate","if_action_actions_run_13: do the correct thing per GitHub docs","else_action_actions_run_2: page on-call or block + require human","high","docs.github.com/actions_run"
"GH-0219","actions_run","Trigger actions_run #11: a specific actions_run event happens that needs policy lookup","condition_actions_run_19: a runtime boolean that the agent can evaluate","if_action_actions_run_14: do the correct thing per GitHub docs","else_action_actions_run_3: page on-call or block + require human","high","docs.github.com/actions_run"
"GH-0220","actions_run","Trigger actions_run #11: a specific actions_run event happens that needs policy lookup","condition_actions_run_20: a runtime boolean that the agent can evaluate","if_action_actions_run_15: do the correct thing per GitHub docs","else_action_actions_run_4: page on-call or block + require human","high","docs.github.com/actions_run"
"GH-0221","actions_run","Trigger actions_run #12: a specific actions_run event happens that needs policy lookup","condition_actions_run_1: a runtime boolean that the agent can evaluate","if_action_actions_run_12: do the correct thing per GitHub docs","else_action_actions_run_1: page on-call or block + require human","high","docs.github.com/actions_run"
"GH-0222","actions_run","Trigger actions_run #12: a specific actions_run event happens that needs policy lookup","condition_actions_run_2: a runtime boolean that the agent can evaluate","if_action_actions_run_13: do the correct thing per GitHub docs","else_action_actions_run_2: page on-call or block + require human","high","docs.github.com/actions_run"
"GH-0223","actions_run","Trigger actions_run #12: a specific actions_run event happens that needs policy lookup","condition_actions_run_3: a runtime boolean that the agent can evaluate","if_action_actions_run_14: do the correct thing per GitHub docs","else_action_actions_run_3: page on-call or block + require human","high","docs.github.com/actions_run"
"GH-0224","actions_run","Trigger actions_run #12: a specific actions_run event happens that needs policy lookup","condition_actions_run_4: a runtime boolean that the agent can evaluate","if_action_actions_run_15: do the correct thing per GitHub docs","else_action_actions_run_4: page on-call or block + require human","high","docs.github.com/actions_run"
"GH-0225","actions_run","Trigger actions_run #12: a specific actions_run event happens that needs policy lookup","condition_actions_run_5: a runtime boolean that the agent can evaluate","if_action_actions_run_1: do the correct thing per GitHub docs","else_action_actions_run_5: page on-call or block + require human","high","docs.github.com/actions_run"
"GH-0226","actions_run","Trigger actions_run #12: a specific actions_run event happens that needs policy lookup","condition_actions_run_6: a runtime boolean that the agent can evaluate","if_action_actions_run_2: do the correct thing per GitHub docs","else_action_actions_run_6: page on-call or block + require human","high","docs.github.com/actions_run"
"GH-0227","actions_run","Trigger actions_run #12: a specific actions_run event happens that needs policy lookup","condition_actions_run_7: a runtime boolean that the agent can evaluate","if_action_actions_run_3: do the correct thing per GitHub docs","else_action_actions_run_7: page on-call or block + require human","high","docs.github.com/actions_run"
"GH-0228","actions_run","Trigger actions_run #12: a specific actions_run event happens that needs policy lookup","condition_actions_run_8: a runtime boolean that the agent can evaluate","if_action_actions_run_4: do the correct thing per GitHub docs","else_action_actions_run_8: page on-call or block + require human","high","docs.github.com/actions_run"
"GH-0229","actions_run","Trigger actions_run #12: a specific actions_run event happens that needs policy lookup","condition_actions_run_9: a runtime boolean that the agent can evaluate","if_action_actions_run_5: do the correct thing per GitHub docs","else_action_actions_run_1: page on-call or block + require human","high","docs.github.com/actions_run"
"GH-0230","actions_run","Trigger actions_run #12: a specific actions_run event happens that needs policy lookup","condition_actions_run_10: a runtime boolean that the agent can evaluate","if_action_actions_run_6: do the correct thing per GitHub docs","else_action_actions_run_2: page on-call or block + require human","high","docs.github.com/actions_run"
"GH-0231","actions_run","Trigger actions_run #12: a specific actions_run event happens that needs policy lookup","condition_actions_run_11: a runtime boolean that the agent can evaluate","if_action_actions_run_7: do the correct thing per GitHub docs","else_action_actions_run_3: page on-call or block + require human","high","docs.github.com/actions_run"
"GH-0232","actions_run","Trigger actions_run #12: a specific actions_run event happens that needs policy lookup","condition_actions_run_12: a runtime boolean that the agent can evaluate","if_action_actions_run_8: do the correct thing per GitHub docs","else_action_actions_run_4: page on-call or block + require human","high","docs.github.com/actions_run"
"GH-0233","actions_run","Trigger actions_run #12: a specific actions_run event happens that needs policy lookup","condition_actions_run_13: a runtime boolean that the agent can evaluate","if_action_actions_run_9: do the correct thing per GitHub docs","else_action_actions_run_5: page on-call or block + require human","high","docs.github.com/actions_run"
"GH-0234","actions_run","Trigger actions_run #12: a specific actions_run event happens that needs policy lookup","condition_actions_run_14: a runtime boolean that the agent can evaluate","if_action_actions_run_10: do the correct thing per GitHub docs","else_action_actions_run_6: page on-call or block + require human","high","docs.github.com/actions_run"
"GH-0235","actions_run","Trigger actions_run #12: a specific actions_run event happens that needs policy lookup","condition_actions_run_15: a runtime boolean that the agent can evaluate","if_action_actions_run_11: do the correct thing per GitHub docs","else_action_actions_run_7: page on-call or block + require human","high","docs.github.com/actions_run"
"GH-0236","actions_run","Trigger actions_run #12: a specific actions_run event happens that needs policy lookup","condition_actions_run_16: a runtime boolean that the agent can evaluate","if_action_actions_run_12: do the correct thing per GitHub docs","else_action_actions_run_8: page on-call or block + require human","high","docs.github.com/actions_run"
"GH-0237","actions_run","Trigger actions_run #12: a specific actions_run event happens that needs policy lookup","condition_actions_run_17: a runtime boolean that the agent can evaluate","if_action_actions_run_13: do the correct thing per GitHub docs","else_action_actions_run_1: page on-call or block + require human","high","docs.github.com/actions_run"
"GH-0238","actions_run","Trigger actions_run #12: a specific actions_run event happens that needs policy lookup","condition_actions_run_18: a runtime boolean that the agent can evaluate","if_action_actions_run_14: do the correct thing per GitHub docs","else_action_actions_run_2: page on-call or block + require human","high","docs.github.com/actions_run"
"GH-0239","actions_run","Trigger actions_run #12: a specific actions_run event happens that needs policy lookup","condition_actions_run_19: a runtime boolean that the agent can evaluate","if_action_actions_run_15: do the correct thing per GitHub docs","else_action_actions_run_3: page on-call or block + require human","high","docs.github.com/actions_run"
"GH-0240","actions_run","Trigger actions_run #12: a specific actions_run event happens that needs policy lookup","condition_actions_run_20: a runtime boolean that the agent can evaluate","if_action_actions_run_1: do the correct thing per GitHub docs","else_action_actions_run_4: page on-call or block + require human","high","docs.github.com/actions_run"
"GH-0241","actions_run","Trigger actions_run #13: a specific actions_run event happens that needs policy lookup","condition_actions_run_1: a runtime boolean that the agent can evaluate","if_action_actions_run_13: do the correct thing per GitHub docs","else_action_actions_run_1: page on-call or block + require human","high","docs.github.com/actions_run"
"GH-0242","actions_run","Trigger actions_run #13: a specific actions_run event happens that needs policy lookup","condition_actions_run_2: a runtime boolean that the agent can evaluate","if_action_actions_run_14: do the correct thing per GitHub docs","else_action_actions_run_2: page on-call or block + require human","high","docs.github.com/actions_run"
"GH-0243","actions_run","Trigger actions_run #13: a specific actions_run event happens that needs policy lookup","condition_actions_run_3: a runtime boolean that the agent can evaluate","if_action_actions_run_15: do the correct thing per GitHub docs","else_action_actions_run_3: page on-call or block + require human","high","docs.github.com/actions_run"
"GH-0244","actions_run","Trigger actions_run #13: a specific actions_run event happens that needs policy lookup","condition_actions_run_4: a runtime boolean that the agent can evaluate","if_action_actions_run_1: do the correct thing per GitHub docs","else_action_actions_run_4: page on-call or block + require human","high","docs.github.com/actions_run"
"GH-0245","actions_run","Trigger actions_run #13: a specific actions_run event happens that needs policy lookup","condition_actions_run_5: a runtime boolean that the agent can evaluate","if_action_actions_run_2: do the correct thing per GitHub docs","else_action_actions_run_5: page on-call or block + require human","high","docs.github.com/actions_run"
"GH-0246","actions_run","Trigger actions_run #13: a specific actions_run event happens that needs policy lookup","condition_actions_run_6: a runtime boolean that the agent can evaluate","if_action_actions_run_3: do the correct thing per GitHub docs","else_action_actions_run_6: page on-call or block + require human","high","docs.github.com/actions_run"
"GH-0247","actions_run","Trigger actions_run #13: a specific actions_run event happens that needs policy lookup","condition_actions_run_7: a runtime boolean that the agent can evaluate","if_action_actions_run_4: do the correct thing per GitHub docs","else_action_actions_run_7: page on-call or block + require human","high","docs.github.com/actions_run"
"GH-0248","actions_run","Trigger actions_run #13: a specific actions_run event happens that needs policy lookup","condition_actions_run_8: a runtime boolean that the agent can evaluate","if_action_actions_run_5: do the correct thing per GitHub docs","else_action_actions_run_8: page on-call or block + require human","high","docs.github.com/actions_run"
"GH-0249","actions_run","Trigger actions_run #13: a specific actions_run event happens that needs policy lookup","condition_actions_run_9: a runtime boolean that the agent can evaluate","if_action_actions_run_6: do the correct thing per GitHub docs","else_action_actions_run_1: page on-call or block + require human","high","docs.github.com/actions_run"
"GH-0250","actions_run","Trigger actions_run #13: a specific actions_run event happens that needs policy lookup","condition_actions_run_10: a runtime boolean that the agent can evaluate","if_action_actions_run_7: do the correct thing per GitHub docs","else_action_actions_run_2: page on-call or block + require human","high","docs.github.com/actions_run"
"GH-0251","actions_run","Trigger actions_run #13: a specific actions_run event happens that needs policy lookup","condition_actions_run_11: a runtime boolean that the agent can evaluate","if_action_actions_run_8: do the correct thing per GitHub docs","else_action_actions_run_3: page on-call or block + require human","high","docs.github.com/actions_run"
"GH-0252","actions_run","Trigger actions_run #13: a specific actions_run event happens that needs policy lookup","condition_actions_run_12: a runtime boolean that the agent can evaluate","if_action_actions_run_9: do the correct thing per GitHub docs","else_action_actions_run_4: page on-call or block + require human","high","docs.github.com/actions_run"
"GH-0253","actions_run","Trigger actions_run #13: a specific actions_run event happens that needs policy lookup","condition_actions_run_13: a runtime boolean that the agent can evaluate","if_action_actions_run_10: do the correct thing per GitHub docs","else_action_actions_run_5: page on-call or block + require human","high","docs.github.com/actions_run"
"GH-0254","actions_run","Trigger actions_run #13: a specific actions_run event happens that needs policy lookup","condition_actions_run_14: a runtime boolean that the agent can evaluate","if_action_actions_run_11: do the correct thing per GitHub docs","else_action_actions_run_6: page on-call or block + require human","high","docs.github.com/actions_run"
"GH-0255","actions_run","Trigger actions_run #13: a specific actions_run event happens that needs policy lookup","condition_actions_run_15: a runtime boolean that the agent can evaluate","if_action_actions_run_12: do the correct thing per GitHub docs","else_action_actions_run_7: page on-call or block + require human","high","docs.github.com/actions_run"
"GH-0256","actions_run","Trigger actions_run #13: a specific actions_run event happens that needs policy lookup","condition_actions_run_16: a runtime boolean that the agent can evaluate","if_action_actions_run_13: do the correct thing per GitHub docs","else_action_actions_run_8: page on-call or block + require human","high","docs.github.com/actions_run"
"GH-0257","actions_run","Trigger actions_run #13: a specific actions_run event happens that needs policy lookup","condition_actions_run_17: a runtime boolean that the agent can evaluate","if_action_actions_run_14: do the correct thing per GitHub docs","else_action_actions_run_1: page on-call or block + require human","high","docs.github.com/actions_run"
"GH-0258","actions_run","Trigger actions_run #13: a specific actions_run event happens that needs policy lookup","condition_actions_run_18: a runtime boolean that the agent can evaluate","if_action_actions_run_15: do the correct thing per GitHub docs","else_action_actions_run_2: page on-call or block + require human","high","docs.github.com/actions_run"
"GH-0259","actions_run","Trigger actions_run #13: a specific actions_run event happens that needs policy lookup","condition_actions_run_19: a runtime boolean that the agent can evaluate","if_action_actions_run_1: do the correct thing per GitHub docs","else_action_actions_run_3: page on-call or block + require human","high","docs.github.com/actions_run"
"GH-0260","actions_run","Trigger actions_run #13: a specific actions_run event happens that needs policy lookup","condition_actions_run_20: a runtime boolean that the agent can evaluate","if_action_actions_run_2: do the correct thing per GitHub docs","else_action_actions_run_4: page on-call or block + require human","high","docs.github.com/actions_run"
"GH-0261","actions_run","Trigger actions_run #14: a specific actions_run event happens that needs policy lookup","condition_actions_run_1: a runtime boolean that the agent can evaluate","if_action_actions_run_14: do the correct thing per GitHub docs","else_action_actions_run_1: page on-call or block + require human","high","docs.github.com/actions_run"
"GH-0262","actions_run","Trigger actions_run #14: a specific actions_run event happens that needs policy lookup","condition_actions_run_2: a runtime boolean that the agent can evaluate","if_action_actions_run_15: do the correct thing per GitHub docs","else_action_actions_run_2: page on-call or block + require human","high","docs.github.com/actions_run"
"GH-0263","actions_run","Trigger actions_run #14: a specific actions_run event happens that needs policy lookup","condition_actions_run_3: a runtime boolean that the agent can evaluate","if_action_actions_run_1: do the correct thing per GitHub docs","else_action_actions_run_3: page on-call or block + require human","high","docs.github.com/actions_run"
"GH-0264","actions_run","Trigger actions_run #14: a specific actions_run event happens that needs policy lookup","condition_actions_run_4: a runtime boolean that the agent can evaluate","if_action_actions_run_2: do the correct thing per GitHub docs","else_action_actions_run_4: page on-call or block + require human","high","docs.github.com/actions_run"
"GH-0265","actions_run","Trigger actions_run #14: a specific actions_run event happens that needs policy lookup","condition_actions_run_5: a runtime boolean that the agent can evaluate","if_action_actions_run_3: do the correct thing per GitHub docs","else_action_actions_run_5: page on-call or block + require human","high","docs.github.com/actions_run"
"GH-0266","actions_run","Trigger actions_run #14: a specific actions_run event happens that needs policy lookup","condition_actions_run_6: a runtime boolean that the agent can evaluate","if_action_actions_run_4: do the correct thing per GitHub docs","else_action_actions_run_6: page on-call or block + require human","high","docs.github.com/actions_run"
"GH-0267","actions_run","Trigger actions_run #14: a specific actions_run event happens that needs policy lookup","condition_actions_run_7: a runtime boolean that the agent can evaluate","if_action_actions_run_5: do the correct thing per GitHub docs","else_action_actions_run_7: page on-call or block + require human","high","docs.github.com/actions_run"
"GH-0268","actions_run","Trigger actions_run #14: a specific actions_run event happens that needs policy lookup","condition_actions_run_8: a runtime boolean that the agent can evaluate","if_action_actions_run_6: do the correct thing per GitHub docs","else_action_actions_run_8: page on-call or block + require human","high","docs.github.com/actions_run"
"GH-0269","actions_run","Trigger actions_run #14: a specific actions_run event happens that needs policy lookup","condition_actions_run_9: a runtime boolean that the agent can evaluate","if_action_actions_run_7: do the correct thing per GitHub docs","else_action_actions_run_1: page on-call or block + require human","high","docs.github.com/actions_run"
"GH-0270","actions_run","Trigger actions_run #14: a specific actions_run event happens that needs policy lookup","condition_actions_run_10: a runtime boolean that the agent can evaluate","if_action_actions_run_8: do the correct thing per GitHub docs","else_action_actions_run_2: page on-call or block + require human","high","docs.github.com/actions_run"
"GH-0271","actions_run","Trigger actions_run #14: a specific actions_run event happens that needs policy lookup","condition_actions_run_11: a runtime boolean that the agent can evaluate","if_action_actions_run_9: do the correct thing per GitHub docs","else_action_actions_run_3: page on-call or block + require human","high","docs.github.com/actions_run"
"GH-0272","actions_run","Trigger actions_run #14: a specific actions_run event happens that needs policy lookup","condition_actions_run_12: a runtime boolean that the agent can evaluate","if_action_actions_run_10: do the correct thing per GitHub docs","else_action_actions_run_4: page on-call or block + require human","high","docs.github.com/actions_run"
"GH-0273","actions_run","Trigger actions_run #14: a specific actions_run event happens that needs policy lookup","condition_actions_run_13: a runtime boolean that the agent can evaluate","if_action_actions_run_11: do the correct thing per GitHub docs","else_action_actions_run_5: page on-call or block + require human","high","docs.github.com/actions_run"
"GH-0274","actions_run","Trigger actions_run #14: a specific actions_run event happens that needs policy lookup","condition_actions_run_14: a runtime boolean that the agent can evaluate","if_action_actions_run_12: do the correct thing per GitHub docs","else_action_actions_run_6: page on-call or block + require human","high","docs.github.com/actions_run"
"GH-0275","actions_run","Trigger actions_run #14: a specific actions_run event happens that needs policy lookup","condition_actions_run_15: a runtime boolean that the agent can evaluate","if_action_actions_run_13: do the correct thing per GitHub docs","else_action_actions_run_7: page on-call or block + require human","high","docs.github.com/actions_run"
"GH-0276","actions_run","Trigger actions_run #14: a specific actions_run event happens that needs policy lookup","condition_actions_run_16: a runtime boolean that the agent can evaluate","if_action_actions_run_14: do the correct thing per GitHub docs","else_action_actions_run_8: page on-call or block + require human","high","docs.github.com/actions_run"
"GH-0277","actions_run","Trigger actions_run #14: a specific actions_run event happens that needs policy lookup","condition_actions_run_17: a runtime boolean that the agent can evaluate","if_action_actions_run_15: do the correct thing per GitHub docs","else_action_actions_run_1: page on-call or block + require human","high","docs.github.com/actions_run"
"GH-0278","actions_run","Trigger actions_run #14: a specific actions_run event happens that needs policy lookup","condition_actions_run_18: a runtime boolean that the agent can evaluate","if_action_actions_run_1: do the correct thing per GitHub docs","else_action_actions_run_2: page on-call or block + require human","high","docs.github.com/actions_run"
"GH-0279","actions_run","Trigger actions_run #14: a specific actions_run event happens that needs policy lookup","condition_actions_run_19: a runtime boolean that the agent can evaluate","if_action_actions_run_2: do the correct thing per GitHub docs","else_action_actions_run_3: page on-call or block + require human","high","docs.github.com/actions_run"
"GH-0280","actions_run","Trigger actions_run #14: a specific actions_run event happens that needs policy lookup","condition_actions_run_20: a runtime boolean that the agent can evaluate","if_action_actions_run_3: do the correct thing per GitHub docs","else_action_actions_run_4: page on-call or block + require human","high","docs.github.com/actions_run"
"GH-0281","actions_run","Trigger actions_run #15: a specific actions_run event happens that needs policy lookup","condition_actions_run_1: a runtime boolean that the agent can evaluate","if_action_actions_run_15: do the correct thing per GitHub docs","else_action_actions_run_1: page on-call or block + require human","high","docs.github.com/actions_run"
"GH-0282","actions_run","Trigger actions_run #15: a specific actions_run event happens that needs policy lookup","condition_actions_run_2: a runtime boolean that the agent can evaluate","if_action_actions_run_1: do the correct thing per GitHub docs","else_action_actions_run_2: page on-call or block + require human","high","docs.github.com/actions_run"
"GH-0283","actions_run","Trigger actions_run #15: a specific actions_run event happens that needs policy lookup","condition_actions_run_3: a runtime boolean that the agent can evaluate","if_action_actions_run_2: do the correct thing per GitHub docs","else_action_actions_run_3: page on-call or block + require human","high","docs.github.com/actions_run"
"GH-0284","actions_run","Trigger actions_run #15: a specific actions_run event happens that needs policy lookup","condition_actions_run_4: a runtime boolean that the agent can evaluate","if_action_actions_run_3: do the correct thing per GitHub docs","else_action_actions_run_4: page on-call or block + require human","high","docs.github.com/actions_run"
"GH-0285","actions_run","Trigger actions_run #15: a specific actions_run event happens that needs policy lookup","condition_actions_run_5: a runtime boolean that the agent can evaluate","if_action_actions_run_4: do the correct thing per GitHub docs","else_action_actions_run_5: page on-call or block + require human","high","docs.github.com/actions_run"
"GH-0286","actions_run","Trigger actions_run #15: a specific actions_run event happens that needs policy lookup","condition_actions_run_6: a runtime boolean that the agent can evaluate","if_action_actions_run_5: do the correct thing per GitHub docs","else_action_actions_run_6: page on-call or block + require human","high","docs.github.com/actions_run"
"GH-0287","actions_run","Trigger actions_run #15: a specific actions_run event happens that needs policy lookup","condition_actions_run_7: a runtime boolean that the agent can evaluate","if_action_actions_run_6: do the correct thing per GitHub docs","else_action_actions_run_7: page on-call or block + require human","high","docs.github.com/actions_run"
"GH-0288","actions_run","Trigger actions_run #15: a specific actions_run event happens that needs policy lookup","condition_actions_run_8: a runtime boolean that the agent can evaluate","if_action_actions_run_7: do the correct thing per GitHub docs","else_action_actions_run_8: page on-call or block + require human","high","docs.github.com/actions_run"
"GH-0289","actions_run","Trigger actions_run #15: a specific actions_run event happens that needs policy lookup","condition_actions_run_9: a runtime boolean that the agent can evaluate","if_action_actions_run_8: do the correct thing per GitHub docs","else_action_actions_run_1: page on-call or block + require human","high","docs.github.com/actions_run"
"GH-0290","actions_run","Trigger actions_run #15: a specific actions_run event happens that needs policy lookup","condition_actions_run_10: a runtime boolean that the agent can evaluate","if_action_actions_run_9: do the correct thing per GitHub docs","else_action_actions_run_2: page on-call or block + require human","high","docs.github.com/actions_run"
"GH-0291","actions_run","Trigger actions_run #15: a specific actions_run event happens that needs policy lookup","condition_actions_run_11: a runtime boolean that the agent can evaluate","if_action_actions_run_10: do the correct thing per GitHub docs","else_action_actions_run_3: page on-call or block + require human","high","docs.github.com/actions_run"
"GH-0292","actions_run","Trigger actions_run #15: a specific actions_run event happens that needs policy lookup","condition_actions_run_12: a runtime boolean that the agent can evaluate","if_action_actions_run_11: do the correct thing per GitHub docs","else_action_actions_run_4: page on-call or block + require human","high","docs.github.com/actions_run"
"GH-0293","actions_run","Trigger actions_run #15: a specific actions_run event happens that needs policy lookup","condition_actions_run_13: a runtime boolean that the agent can evaluate","if_action_actions_run_12: do the correct thing per GitHub docs","else_action_actions_run_5: page on-call or block + require human","high","docs.github.com/actions_run"
"GH-0294","actions_run","Trigger actions_run #15: a specific actions_run event happens that needs policy lookup","condition_actions_run_14: a runtime boolean that the agent can evaluate","if_action_actions_run_13: do the correct thing per GitHub docs","else_action_actions_run_6: page on-call or block + require human","high","docs.github.com/actions_run"
"GH-0295","actions_run","Trigger actions_run #15: a specific actions_run event happens that needs policy lookup","condition_actions_run_15: a runtime boolean that the agent can evaluate","if_action_actions_run_14: do the correct thing per GitHub docs","else_action_actions_run_7: page on-call or block + require human","high","docs.github.com/actions_run"
"GH-0296","actions_run","Trigger actions_run #15: a specific actions_run event happens that needs policy lookup","condition_actions_run_16: a runtime boolean that the agent can evaluate","if_action_actions_run_15: do the correct thing per GitHub docs","else_action_actions_run_8: page on-call or block + require human","high","docs.github.com/actions_run"
"GH-0297","actions_run","Trigger actions_run #15: a specific actions_run event happens that needs policy lookup","condition_actions_run_17: a runtime boolean that the agent can evaluate","if_action_actions_run_1: do the correct thing per GitHub docs","else_action_actions_run_1: page on-call or block + require human","high","docs.github.com/actions_run"
"GH-0298","actions_run","Trigger actions_run #15: a specific actions_run event happens that needs policy lookup","condition_actions_run_18: a runtime boolean that the agent can evaluate","if_action_actions_run_2: do the correct thing per GitHub docs","else_action_actions_run_2: page on-call or block + require human","high","docs.github.com/actions_run"
"GH-0299","actions_run","Trigger actions_run #15: a specific actions_run event happens that needs policy lookup","condition_actions_run_19: a runtime boolean that the agent can evaluate","if_action_actions_run_3: do the correct thing per GitHub docs","else_action_actions_run_3: page on-call or block + require human","high","docs.github.com/actions_run"
"GH-0300","actions_run","Trigger actions_run #15: a specific actions_run event happens that needs policy lookup","condition_actions_run_20: a runtime boolean that the agent can evaluate","if_action_actions_run_4: do the correct thing per GitHub docs","else_action_actions_run_4: page on-call or block + require human","high","docs.github.com/actions_run"
"GH-0301","actions_run","Trigger actions_run #16: a specific actions_run event happens that needs policy lookup","condition_actions_run_1: a runtime boolean that the agent can evaluate","if_action_actions_run_1: do the correct thing per GitHub docs","else_action_actions_run_1: page on-call or block + require human","high","docs.github.com/actions_run"
"GH-0302","actions_run","Trigger actions_run #16: a specific actions_run event happens that needs policy lookup","condition_actions_run_2: a runtime boolean that the agent can evaluate","if_action_actions_run_2: do the correct thing per GitHub docs","else_action_actions_run_2: page on-call or block + require human","high","docs.github.com/actions_run"
"GH-0303","actions_run","Trigger actions_run #16: a specific actions_run event happens that needs policy lookup","condition_actions_run_3: a runtime boolean that the agent can evaluate","if_action_actions_run_3: do the correct thing per GitHub docs","else_action_actions_run_3: page on-call or block + require human","high","docs.github.com/actions_run"
"GH-0304","actions_run","Trigger actions_run #16: a specific actions_run event happens that needs policy lookup","condition_actions_run_4: a runtime boolean that the agent can evaluate","if_action_actions_run_4: do the correct thing per GitHub docs","else_action_actions_run_4: page on-call or block + require human","high","docs.github.com/actions_run"
"GH-0305","actions_run","Trigger actions_run #16: a specific actions_run event happens that needs policy lookup","condition_actions_run_5: a runtime boolean that the agent can evaluate","if_action_actions_run_5: do the correct thing per GitHub docs","else_action_actions_run_5: page on-call or block + require human","high","docs.github.com/actions_run"
"GH-0306","actions_run","Trigger actions_run #16: a specific actions_run event happens that needs policy lookup","condition_actions_run_6: a runtime boolean that the agent can evaluate","if_action_actions_run_6: do the correct thing per GitHub docs","else_action_actions_run_6: page on-call or block + require human","high","docs.github.com/actions_run"
"GH-0307","actions_run","Trigger actions_run #16: a specific actions_run event happens that needs policy lookup","condition_actions_run_7: a runtime boolean that the agent can evaluate","if_action_actions_run_7: do the correct thing per GitHub docs","else_action_actions_run_7: page on-call or block + require human","high","docs.github.com/actions_run"
"GH-0308","actions_run","Trigger actions_run #16: a specific actions_run event happens that needs policy lookup","condition_actions_run_8: a runtime boolean that the agent can evaluate","if_action_actions_run_8: do the correct thing per GitHub docs","else_action_actions_run_8: page on-call or block + require human","high","docs.github.com/actions_run"
"GH-0309","actions_run","Trigger actions_run #16: a specific actions_run event happens that needs policy lookup","condition_actions_run_9: a runtime boolean that the agent can evaluate","if_action_actions_run_9: do the correct thing per GitHub docs","else_action_actions_run_1: page on-call or block + require human","high","docs.github.com/actions_run"
"GH-0310","actions_run","Trigger actions_run #16: a specific actions_run event happens that needs policy lookup","condition_actions_run_10: a runtime boolean that the agent can evaluate","if_action_actions_run_10: do the correct thing per GitHub docs","else_action_actions_run_2: page on-call or block + require human","high","docs.github.com/actions_run"
"GH-0311","actions_run","Trigger actions_run #16: a specific actions_run event happens that needs policy lookup","condition_actions_run_11: a runtime boolean that the agent can evaluate","if_action_actions_run_11: do the correct thing per GitHub docs","else_action_actions_run_3: page on-call or block + require human","high","docs.github.com/actions_run"
"GH-0312","actions_run","Trigger actions_run #16: a specific actions_run event happens that needs policy lookup","condition_actions_run_12: a runtime boolean that the agent can evaluate","if_action_actions_run_12: do the correct thing per GitHub docs","else_action_actions_run_4: page on-call or block + require human","high","docs.github.com/actions_run"
"GH-0313","actions_run","Trigger actions_run #16: a specific actions_run event happens that needs policy lookup","condition_actions_run_13: a runtime boolean that the agent can evaluate","if_action_actions_run_13: do the correct thing per GitHub docs","else_action_actions_run_5: page on-call or block + require human","high","docs.github.com/actions_run"
"GH-0314","actions_run","Trigger actions_run #16: a specific actions_run event happens that needs policy lookup","condition_actions_run_14: a runtime boolean that the agent can evaluate","if_action_actions_run_14: do the correct thing per GitHub docs","else_action_actions_run_6: page on-call or block + require human","high","docs.github.com/actions_run"
"GH-0315","actions_run","Trigger actions_run #16: a specific actions_run event happens that needs policy lookup","condition_actions_run_15: a runtime boolean that the agent can evaluate","if_action_actions_run_15: do the correct thing per GitHub docs","else_action_actions_run_7: page on-call or block + require human","high","docs.github.com/actions_run"
"GH-0316","actions_run","Trigger actions_run #16: a specific actions_run event happens that needs policy lookup","condition_actions_run_16: a runtime boolean that the agent can evaluate","if_action_actions_run_1: do the correct thing per GitHub docs","else_action_actions_run_8: page on-call or block + require human","high","docs.github.com/actions_run"
"GH-0317","actions_run","Trigger actions_run #16: a specific actions_run event happens that needs policy lookup","condition_actions_run_17: a runtime boolean that the agent can evaluate","if_action_actions_run_2: do the correct thing per GitHub docs","else_action_actions_run_1: page on-call or block + require human","high","docs.github.com/actions_run"
"GH-0318","actions_run","Trigger actions_run #16: a specific actions_run event happens that needs policy lookup","condition_actions_run_18: a runtime boolean that the agent can evaluate","if_action_actions_run_3: do the correct thing per GitHub docs","else_action_actions_run_2: page on-call or block + require human","high","docs.github.com/actions_run"
"GH-0319","actions_run","Trigger actions_run #16: a specific actions_run event happens that needs policy lookup","condition_actions_run_19: a runtime boolean that the agent can evaluate","if_action_actions_run_4: do the correct thing per GitHub docs","else_action_actions_run_3: page on-call or block + require human","high","docs.github.com/actions_run"
"GH-0320","actions_run","Trigger actions_run #16: a specific actions_run event happens that needs policy lookup","condition_actions_run_20: a runtime boolean that the agent can evaluate","if_action_actions_run_5: do the correct thing per GitHub docs","else_action_actions_run_4: page on-call or block + require human","high","docs.github.com/actions_run"
"GH-0321","actions_run","Trigger actions_run #17: a specific actions_run event happens that needs policy lookup","condition_actions_run_1: a runtime boolean that the agent can evaluate","if_action_actions_run_2: do the correct thing per GitHub docs","else_action_actions_run_1: page on-call or block + require human","high","docs.github.com/actions_run"
"GH-0322","actions_run","Trigger actions_run #17: a specific actions_run event happens that needs policy lookup","condition_actions_run_2: a runtime boolean that the agent can evaluate","if_action_actions_run_3: do the correct thing per GitHub docs","else_action_actions_run_2: page on-call or block + require human","high","docs.github.com/actions_run"
"GH-0323","actions_run","Trigger actions_run #17: a specific actions_run event happens that needs policy lookup","condition_actions_run_3: a runtime boolean that the agent can evaluate","if_action_actions_run_4: do the correct thing per GitHub docs","else_action_actions_run_3: page on-call or block + require human","high","docs.github.com/actions_run"
"GH-0324","actions_run","Trigger actions_run #17: a specific actions_run event happens that needs policy lookup","condition_actions_run_4: a runtime boolean that the agent can evaluate","if_action_actions_run_5: do the correct thing per GitHub docs","else_action_actions_run_4: page on-call or block + require human","high","docs.github.com/actions_run"
"GH-0325","actions_run","Trigger actions_run #17: a specific actions_run event happens that needs policy lookup","condition_actions_run_5: a runtime boolean that the agent can evaluate","if_action_actions_run_6: do the correct thing per GitHub docs","else_action_actions_run_5: page on-call or block + require human","high","docs.github.com/actions_run"
"GH-0326","actions_run","Trigger actions_run #17: a specific actions_run event happens that needs policy lookup","condition_actions_run_6: a runtime boolean that the agent can evaluate","if_action_actions_run_7: do the correct thing per GitHub docs","else_action_actions_run_6: page on-call or block + require human","high","docs.github.com/actions_run"
"GH-0327","actions_run","Trigger actions_run #17: a specific actions_run event happens that needs policy lookup","condition_actions_run_7: a runtime boolean that the agent can evaluate","if_action_actions_run_8: do the correct thing per GitHub docs","else_action_actions_run_7: page on-call or block + require human","high","docs.github.com/actions_run"
"GH-0328","actions_run","Trigger actions_run #17: a specific actions_run event happens that needs policy lookup","condition_actions_run_8: a runtime boolean that the agent can evaluate","if_action_actions_run_9: do the correct thing per GitHub docs","else_action_actions_run_8: page on-call or block + require human","high","docs.github.com/actions_run"
"GH-0329","actions_run","Trigger actions_run #17: a specific actions_run event happens that needs policy lookup","condition_actions_run_9: a runtime boolean that the agent can evaluate","if_action_actions_run_10: do the correct thing per GitHub docs","else_action_actions_run_1: page on-call or block + require human","high","docs.github.com/actions_run"
"GH-0330","actions_run","Trigger actions_run #17: a specific actions_run event happens that needs policy lookup","condition_actions_run_10: a runtime boolean that the agent can evaluate","if_action_actions_run_11: do the correct thing per GitHub docs","else_action_actions_run_2: page on-call or block + require human","high","docs.github.com/actions_run"
"GH-0331","actions_run","Trigger actions_run #17: a specific actions_run event happens that needs policy lookup","condition_actions_run_11: a runtime boolean that the agent can evaluate","if_action_actions_run_12: do the correct thing per GitHub docs","else_action_actions_run_3: page on-call or block + require human","high","docs.github.com/actions_run"
"GH-0332","actions_run","Trigger actions_run #17: a specific actions_run event happens that needs policy lookup","condition_actions_run_12: a runtime boolean that the agent can evaluate","if_action_actions_run_13: do the correct thing per GitHub docs","else_action_actions_run_4: page on-call or block + require human","high","docs.github.com/actions_run"
"GH-0333","actions_run","Trigger actions_run #17: a specific actions_run event happens that needs policy lookup","condition_actions_run_13: a runtime boolean that the agent can evaluate","if_action_actions_run_14: do the correct thing per GitHub docs","else_action_actions_run_5: page on-call or block + require human","high","docs.github.com/actions_run"
"GH-0334","actions_run","Trigger actions_run #17: a specific actions_run event happens that needs policy lookup","condition_actions_run_14: a runtime boolean that the agent can evaluate","if_action_actions_run_15: do the correct thing per GitHub docs","else_action_actions_run_6: page on-call or block + require human","high","docs.github.com/actions_run"
"GH-0335","actions_run","Trigger actions_run #17: a specific actions_run event happens that needs policy lookup","condition_actions_run_15: a runtime boolean that the agent can evaluate","if_action_actions_run_1: do the correct thing per GitHub docs","else_action_actions_run_7: page on-call or block + require human","high","docs.github.com/actions_run"
"GH-0336","actions_run","Trigger actions_run #17: a specific actions_run event happens that needs policy lookup","condition_actions_run_16: a runtime boolean that the agent can evaluate","if_action_actions_run_2: do the correct thing per GitHub docs","else_action_actions_run_8: page on-call or block + require human","high","docs.github.com/actions_run"
"GH-0337","actions_run","Trigger actions_run #17: a specific actions_run event happens that needs policy lookup","condition_actions_run_17: a runtime boolean that the agent can evaluate","if_action_actions_run_3: do the correct thing per GitHub docs","else_action_actions_run_1: page on-call or block + require human","high","docs.github.com/actions_run"
"GH-0338","actions_run","Trigger actions_run #17: a specific actions_run event happens that needs policy lookup","condition_actions_run_18: a runtime boolean that the agent can evaluate","if_action_actions_run_4: do the correct thing per GitHub docs","else_action_actions_run_2: page on-call or block + require human","high","docs.github.com/actions_run"
"GH-0339","actions_run","Trigger actions_run #17: a specific actions_run event happens that needs policy lookup","condition_actions_run_19: a runtime boolean that the agent can evaluate","if_action_actions_run_5: do the correct thing per GitHub docs","else_action_actions_run_3: page on-call or block + require human","high","docs.github.com/actions_run"
"GH-0340","actions_run","Trigger actions_run #17: a specific actions_run event happens that needs policy lookup","condition_actions_run_20: a runtime boolean that the agent can evaluate","if_action_actions_run_6: do the correct thing per GitHub docs","else_action_actions_run_4: page on-call or block + require human","high","docs.github.com/actions_run"
"GH-0341","actions_run","Trigger actions_run #18: a specific actions_run event happens that needs policy lookup","condition_actions_run_1: a runtime boolean that the agent can evaluate","if_action_actions_run_3: do the correct thing per GitHub docs","else_action_actions_run_1: page on-call or block + require human","high","docs.github.com/actions_run"
"GH-0342","actions_run","Trigger actions_run #18: a specific actions_run event happens that needs policy lookup","condition_actions_run_2: a runtime boolean that the agent can evaluate","if_action_actions_run_4: do the correct thing per GitHub docs","else_action_actions_run_2: page on-call or block + require human","high","docs.github.com/actions_run"
"GH-0343","actions_run","Trigger actions_run #18: a specific actions_run event happens that needs policy lookup","condition_actions_run_3: a runtime boolean that the agent can evaluate","if_action_actions_run_5: do the correct thing per GitHub docs","else_action_actions_run_3: page on-call or block + require human","high","docs.github.com/actions_run"
"GH-0344","actions_run","Trigger actions_run #18: a specific actions_run event happens that needs policy lookup","condition_actions_run_4: a runtime boolean that the agent can evaluate","if_action_actions_run_6: do the correct thing per GitHub docs","else_action_actions_run_4: page on-call or block + require human","high","docs.github.com/actions_run"
"GH-0345","actions_run","Trigger actions_run #18: a specific actions_run event happens that needs policy lookup","condition_actions_run_5: a runtime boolean that the agent can evaluate","if_action_actions_run_7: do the correct thing per GitHub docs","else_action_actions_run_5: page on-call or block + require human","high","docs.github.com/actions_run"
"GH-0346","actions_run","Trigger actions_run #18: a specific actions_run event happens that needs policy lookup","condition_actions_run_6: a runtime boolean that the agent can evaluate","if_action_actions_run_8: do the correct thing per GitHub docs","else_action_actions_run_6: page on-call or block + require human","high","docs.github.com/actions_run"
"GH-0347","actions_run","Trigger actions_run #18: a specific actions_run event happens that needs policy lookup","condition_actions_run_7: a runtime boolean that the agent can evaluate","if_action_actions_run_9: do the correct thing per GitHub docs","else_action_actions_run_7: page on-call or block + require human","high","docs.github.com/actions_run"
"GH-0348","actions_run","Trigger actions_run #18: a specific actions_run event happens that needs policy lookup","condition_actions_run_8: a runtime boolean that the agent can evaluate","if_action_actions_run_10: do the correct thing per GitHub docs","else_action_actions_run_8: page on-call or block + require human","high","docs.github.com/actions_run"
"GH-0349","actions_run","Trigger actions_run #18: a specific actions_run event happens that needs policy lookup","condition_actions_run_9: a runtime boolean that the agent can evaluate","if_action_actions_run_11: do the correct thing per GitHub docs","else_action_actions_run_1: page on-call or block + require human","high","docs.github.com/actions_run"
"GH-0350","actions_run","Trigger actions_run #18: a specific actions_run event happens that needs policy lookup","condition_actions_run_10: a runtime boolean that the agent can evaluate","if_action_actions_run_12: do the correct thing per GitHub docs","else_action_actions_run_2: page on-call or block + require human","high","docs.github.com/actions_run"
"GH-0351","actions_run","Trigger actions_run #18: a specific actions_run event happens that needs policy lookup","condition_actions_run_11: a runtime boolean that the agent can evaluate","if_action_actions_run_13: do the correct thing per GitHub docs","else_action_actions_run_3: page on-call or block + require human","high","docs.github.com/actions_run"
"GH-0352","actions_run","Trigger actions_run #18: a specific actions_run event happens that needs policy lookup","condition_actions_run_12: a runtime boolean that the agent can evaluate","if_action_actions_run_14: do the correct thing per GitHub docs","else_action_actions_run_4: page on-call or block + require human","high","docs.github.com/actions_run"
"GH-0353","actions_run","Trigger actions_run #18: a specific actions_run event happens that needs policy lookup","condition_actions_run_13: a runtime boolean that the agent can evaluate","if_action_actions_run_15: do the correct thing per GitHub docs","else_action_actions_run_5: page on-call or block + require human","high","docs.github.com/actions_run"
"GH-0354","actions_run","Trigger actions_run #18: a specific actions_run event happens that needs policy lookup","condition_actions_run_14: a runtime boolean that the agent can evaluate","if_action_actions_run_1: do the correct thing per GitHub docs","else_action_actions_run_6: page on-call or block + require human","high","docs.github.com/actions_run"
"GH-0355","actions_run","Trigger actions_run #18: a specific actions_run event happens that needs policy lookup","condition_actions_run_15: a runtime boolean that the agent can evaluate","if_action_actions_run_2: do the correct thing per GitHub docs","else_action_actions_run_7: page on-call or block + require human","high","docs.github.com/actions_run"
"GH-0356","actions_run","Trigger actions_run #18: a specific actions_run event happens that needs policy lookup","condition_actions_run_16: a runtime boolean that the agent can evaluate","if_action_actions_run_3: do the correct thing per GitHub docs","else_action_actions_run_8: page on-call or block + require human","high","docs.github.com/actions_run"
"GH-0357","actions_run","Trigger actions_run #18: a specific actions_run event happens that needs policy lookup","condition_actions_run_17: a runtime boolean that the agent can evaluate","if_action_actions_run_4: do the correct thing per GitHub docs","else_action_actions_run_1: page on-call or block + require human","high","docs.github.com/actions_run"
"GH-0358","actions_run","Trigger actions_run #18: a specific actions_run event happens that needs policy lookup","condition_actions_run_18: a runtime boolean that the agent can evaluate","if_action_actions_run_5: do the correct thing per GitHub docs","else_action_actions_run_2: page on-call or block + require human","high","docs.github.com/actions_run"
"GH-0359","actions_run","Trigger actions_run #18: a specific actions_run event happens that needs policy lookup","condition_actions_run_19: a runtime boolean that the agent can evaluate","if_action_actions_run_6: do the correct thing per GitHub docs","else_action_actions_run_3: page on-call or block + require human","high","docs.github.com/actions_run"
"GH-0360","actions_run","Trigger actions_run #18: a specific actions_run event happens that needs policy lookup","condition_actions_run_20: a runtime boolean that the agent can evaluate","if_action_actions_run_7: do the correct thing per GitHub docs","else_action_actions_run_4: page on-call or block + require human","high","docs.github.com/actions_run"
"GH-0361","actions_run","Trigger actions_run #19: a specific actions_run event happens that needs policy lookup","condition_actions_run_1: a runtime boolean that the agent can evaluate","if_action_actions_run_4: do the correct thing per GitHub docs","else_action_actions_run_1: page on-call or block + require human","high","docs.github.com/actions_run"
"GH-0362","actions_run","Trigger actions_run #19: a specific actions_run event happens that needs policy lookup","condition_actions_run_2: a runtime boolean that the agent can evaluate","if_action_actions_run_5: do the correct thing per GitHub docs","else_action_actions_run_2: page on-call or block + require human","high","docs.github.com/actions_run"
"GH-0363","actions_run","Trigger actions_run #19: a specific actions_run event happens that needs policy lookup","condition_actions_run_3: a runtime boolean that the agent can evaluate","if_action_actions_run_6: do the correct thing per GitHub docs","else_action_actions_run_3: page on-call or block + require human","high","docs.github.com/actions_run"
"GH-0364","actions_run","Trigger actions_run #19: a specific actions_run event happens that needs policy lookup","condition_actions_run_4: a runtime boolean that the agent can evaluate","if_action_actions_run_7: do the correct thing per GitHub docs","else_action_actions_run_4: page on-call or block + require human","high","docs.github.com/actions_run"
"GH-0365","actions_run","Trigger actions_run #19: a specific actions_run event happens that needs policy lookup","condition_actions_run_5: a runtime boolean that the agent can evaluate","if_action_actions_run_8: do the correct thing per GitHub docs","else_action_actions_run_5: page on-call or block + require human","high","docs.github.com/actions_run"
"GH-0366","actions_run","Trigger actions_run #19: a specific actions_run event happens that needs policy lookup","condition_actions_run_6: a runtime boolean that the agent can evaluate","if_action_actions_run_9: do the correct thing per GitHub docs","else_action_actions_run_6: page on-call or block + require human","high","docs.github.com/actions_run"
"GH-0367","actions_run","Trigger actions_run #19: a specific actions_run event happens that needs policy lookup","condition_actions_run_7: a runtime boolean that the agent can evaluate","if_action_actions_run_10: do the correct thing per GitHub docs","else_action_actions_run_7: page on-call or block + require human","high","docs.github.com/actions_run"
"GH-0368","actions_run","Trigger actions_run #19: a specific actions_run event happens that needs policy lookup","condition_actions_run_8: a runtime boolean that the agent can evaluate","if_action_actions_run_11: do the correct thing per GitHub docs","else_action_actions_run_8: page on-call or block + require human","high","docs.github.com/actions_run"
"GH-0369","actions_run","Trigger actions_run #19: a specific actions_run event happens that needs policy lookup","condition_actions_run_9: a runtime boolean that the agent can evaluate","if_action_actions_run_12: do the correct thing per GitHub docs","else_action_actions_run_1: page on-call or block + require human","high","docs.github.com/actions_run"
"GH-0370","actions_run","Trigger actions_run #19: a specific actions_run event happens that needs policy lookup","condition_actions_run_10: a runtime boolean that the agent can evaluate","if_action_actions_run_13: do the correct thing per GitHub docs","else_action_actions_run_2: page on-call or block + require human","high","docs.github.com/actions_run"
"GH-0371","actions_run","Trigger actions_run #19: a specific actions_run event happens that needs policy lookup","condition_actions_run_11: a runtime boolean that the agent can evaluate","if_action_actions_run_14: do the correct thing per GitHub docs","else_action_actions_run_3: page on-call or block + require human","high","docs.github.com/actions_run"
"GH-0372","actions_run","Trigger actions_run #19: a specific actions_run event happens that needs policy lookup","condition_actions_run_12: a runtime boolean that the agent can evaluate","if_action_actions_run_15: do the correct thing per GitHub docs","else_action_actions_run_4: page on-call or block + require human","high","docs.github.com/actions_run"
"GH-0373","actions_run","Trigger actions_run #19: a specific actions_run event happens that needs policy lookup","condition_actions_run_13: a runtime boolean that the agent can evaluate","if_action_actions_run_1: do the correct thing per GitHub docs","else_action_actions_run_5: page on-call or block + require human","high","docs.github.com/actions_run"
"GH-0374","actions_run","Trigger actions_run #19: a specific actions_run event happens that needs policy lookup","condition_actions_run_14: a runtime boolean that the agent can evaluate","if_action_actions_run_2: do the correct thing per GitHub docs","else_action_actions_run_6: page on-call or block + require human","high","docs.github.com/actions_run"
"GH-0375","actions_run","Trigger actions_run #19: a specific actions_run event happens that needs policy lookup","condition_actions_run_15: a runtime boolean that the agent can evaluate","if_action_actions_run_3: do the correct thing per GitHub docs","else_action_actions_run_7: page on-call or block + require human","high","docs.github.com/actions_run"
"GH-0376","actions_run","Trigger actions_run #19: a specific actions_run event happens that needs policy lookup","condition_actions_run_16: a runtime boolean that the agent can evaluate","if_action_actions_run_4: do the correct thing per GitHub docs","else_action_actions_run_8: page on-call or block + require human","high","docs.github.com/actions_run"
"GH-0377","actions_run","Trigger actions_run #19: a specific actions_run event happens that needs policy lookup","condition_actions_run_17: a runtime boolean that the agent can evaluate","if_action_actions_run_5: do the correct thing per GitHub docs","else_action_actions_run_1: page on-call or block + require human","high","docs.github.com/actions_run"
"GH-0378","actions_run","Trigger actions_run #19: a specific actions_run event happens that needs policy lookup","condition_actions_run_18: a runtime boolean that the agent can evaluate","if_action_actions_run_6: do the correct thing per GitHub docs","else_action_actions_run_2: page on-call or block + require human","high","docs.github.com/actions_run"
"GH-0379","actions_run","Trigger actions_run #19: a specific actions_run event happens that needs policy lookup","condition_actions_run_19: a runtime boolean that the agent can evaluate","if_action_actions_run_7: do the correct thing per GitHub docs","else_action_actions_run_3: page on-call or block + require human","high","docs.github.com/actions_run"
"GH-0380","actions_run","Trigger actions_run #19: a specific actions_run event happens that needs policy lookup","condition_actions_run_20: a runtime boolean that the agent can evaluate","if_action_actions_run_8: do the correct thing per GitHub docs","else_action_actions_run_4: page on-call or block + require human","high","docs.github.com/actions_run"
"GH-0381","actions_run","Trigger actions_run #20: a specific actions_run event happens that needs policy lookup","condition_actions_run_1: a runtime boolean that the agent can evaluate","if_action_actions_run_5: do the correct thing per GitHub docs","else_action_actions_run_1: page on-call or block + require human","high","docs.github.com/actions_run"
"GH-0382","actions_run","Trigger actions_run #20: a specific actions_run event happens that needs policy lookup","condition_actions_run_2: a runtime boolean that the agent can evaluate","if_action_actions_run_6: do the correct thing per GitHub docs","else_action_actions_run_2: page on-call or block + require human","high","docs.github.com/actions_run"
"GH-0383","actions_run","Trigger actions_run #20: a specific actions_run event happens that needs policy lookup","condition_actions_run_3: a runtime boolean that the agent can evaluate","if_action_actions_run_7: do the correct thing per GitHub docs","else_action_actions_run_3: page on-call or block + require human","high","docs.github.com/actions_run"
"GH-0384","actions_run","Trigger actions_run #20: a specific actions_run event happens that needs policy lookup","condition_actions_run_4: a runtime boolean that the agent can evaluate","if_action_actions_run_8: do the correct thing per GitHub docs","else_action_actions_run_4: page on-call or block + require human","high","docs.github.com/actions_run"
"GH-0385","actions_run","Trigger actions_run #20: a specific actions_run event happens that needs policy lookup","condition_actions_run_5: a runtime boolean that the agent can evaluate","if_action_actions_run_9: do the correct thing per GitHub docs","else_action_actions_run_5: page on-call or block + require human","high","docs.github.com/actions_run"
"GH-0386","actions_run","Trigger actions_run #20: a specific actions_run event happens that needs policy lookup","condition_actions_run_6: a runtime boolean that the agent can evaluate","if_action_actions_run_10: do the correct thing per GitHub docs","else_action_actions_run_6: page on-call or block + require human","high","docs.github.com/actions_run"
"GH-0387","actions_run","Trigger actions_run #20: a specific actions_run event happens that needs policy lookup","condition_actions_run_7: a runtime boolean that the agent can evaluate","if_action_actions_run_11: do the correct thing per GitHub docs","else_action_actions_run_7: page on-call or block + require human","high","docs.github.com/actions_run"
"GH-0388","actions_run","Trigger actions_run #20: a specific actions_run event happens that needs policy lookup","condition_actions_run_8: a runtime boolean that the agent can evaluate","if_action_actions_run_12: do the correct thing per GitHub docs","else_action_actions_run_8: page on-call or block + require human","high","docs.github.com/actions_run"
"GH-0389","actions_run","Trigger actions_run #20: a specific actions_run event happens that needs policy lookup","condition_actions_run_9: a runtime boolean that the agent can evaluate","if_action_actions_run_13: do the correct thing per GitHub docs","else_action_actions_run_1: page on-call or block + require human","high","docs.github.com/actions_run"
"GH-0390","actions_run","Trigger actions_run #20: a specific actions_run event happens that needs policy lookup","condition_actions_run_10: a runtime boolean that the agent can evaluate","if_action_actions_run_14: do the correct thing per GitHub docs","else_action_actions_run_2: page on-call or block + require human","high","docs.github.com/actions_run"
"GH-0391","actions_run","Trigger actions_run #20: a specific actions_run event happens that needs policy lookup","condition_actions_run_11: a runtime boolean that the agent can evaluate","if_action_actions_run_15: do the correct thing per GitHub docs","else_action_actions_run_3: page on-call or block + require human","high","docs.github.com/actions_run"
"GH-0392","actions_run","Trigger actions_run #20: a specific actions_run event happens that needs policy lookup","condition_actions_run_12: a runtime boolean that the agent can evaluate","if_action_actions_run_1: do the correct thing per GitHub docs","else_action_actions_run_4: page on-call or block + require human","high","docs.github.com/actions_run"
"GH-0393","actions_run","Trigger actions_run #20: a specific actions_run event happens that needs policy lookup","condition_actions_run_13: a runtime boolean that the agent can evaluate","if_action_actions_run_2: do the correct thing per GitHub docs","else_action_actions_run_5: page on-call or block + require human","high","docs.github.com/actions_run"
"GH-0394","actions_run","Trigger actions_run #20: a specific actions_run event happens that needs policy lookup","condition_actions_run_14: a runtime boolean that the agent can evaluate","if_action_actions_run_3: do the correct thing per GitHub docs","else_action_actions_run_6: page on-call or block + require human","high","docs.github.com/actions_run"
"GH-0395","actions_run","Trigger actions_run #20: a specific actions_run event happens that needs policy lookup","condition_actions_run_15: a runtime boolean that the agent can evaluate","if_action_actions_run_4: do the correct thing per GitHub docs","else_action_actions_run_7: page on-call or block + require human","high","docs.github.com/actions_run"
"GH-0396","actions_run","Trigger actions_run #20: a specific actions_run event happens that needs policy lookup","condition_actions_run_16: a runtime boolean that the agent can evaluate","if_action_actions_run_5: do the correct thing per GitHub docs","else_action_actions_run_8: page on-call or block + require human","high","docs.github.com/actions_run"
"GH-0397","actions_run","Trigger actions_run #20: a specific actions_run event happens that needs policy lookup","condition_actions_run_17: a runtime boolean that the agent can evaluate","if_action_actions_run_6: do the correct thing per GitHub docs","else_action_actions_run_1: page on-call or block + require human","high","docs.github.com/actions_run"
"GH-0398","actions_run","Trigger actions_run #20: a specific actions_run event happens that needs policy lookup","condition_actions_run_18: a runtime boolean that the agent can evaluate","if_action_actions_run_7: do the correct thing per GitHub docs","else_action_actions_run_2: page on-call or block + require human","high","docs.github.com/actions_run"
"GH-0399","actions_run","Trigger actions_run #20: a specific actions_run event happens that needs policy lookup","condition_actions_run_19: a runtime boolean that the agent can evaluate","if_action_actions_run_8: do the correct thing per GitHub docs","else_action_actions_run_3: page on-call or block + require human","high","docs.github.com/actions_run"
"GH-0400","actions_run","Trigger actions_run #20: a specific actions_run event happens that needs policy lookup","condition_actions_run_20: a runtime boolean that the agent can evaluate","if_action_actions_run_9: do the correct thing per GitHub docs","else_action_actions_run_4: page on-call or block + require human","high","docs.github.com/actions_run"
"GH-0401","actions_run","Trigger actions_run #21: a specific actions_run event happens that needs policy lookup","condition_actions_run_1: a runtime boolean that the agent can evaluate","if_action_actions_run_6: do the correct thing per GitHub docs","else_action_actions_run_1: page on-call or block + require human","high","docs.github.com/actions_run"
"GH-0402","actions_run","Trigger actions_run #21: a specific actions_run event happens that needs policy lookup","condition_actions_run_2: a runtime boolean that the agent can evaluate","if_action_actions_run_7: do the correct thing per GitHub docs","else_action_actions_run_2: page on-call or block + require human","high","docs.github.com/actions_run"
"GH-0403","actions_run","Trigger actions_run #21: a specific actions_run event happens that needs policy lookup","condition_actions_run_3: a runtime boolean that the agent can evaluate","if_action_actions_run_8: do the correct thing per GitHub docs","else_action_actions_run_3: page on-call or block + require human","high","docs.github.com/actions_run"
"GH-0404","actions_run","Trigger actions_run #21: a specific actions_run event happens that needs policy lookup","condition_actions_run_4: a runtime boolean that the agent can evaluate","if_action_actions_run_9: do the correct thing per GitHub docs","else_action_actions_run_4: page on-call or block + require human","high","docs.github.com/actions_run"
"GH-0405","actions_run","Trigger actions_run #21: a specific actions_run event happens that needs policy lookup","condition_actions_run_5: a runtime boolean that the agent can evaluate","if_action_actions_run_10: do the correct thing per GitHub docs","else_action_actions_run_5: page on-call or block + require human","high","docs.github.com/actions_run"
"GH-0406","actions_run","Trigger actions_run #21: a specific actions_run event happens that needs policy lookup","condition_actions_run_6: a runtime boolean that the agent can evaluate","if_action_actions_run_11: do the correct thing per GitHub docs","else_action_actions_run_6: page on-call or block + require human","high","docs.github.com/actions_run"
"GH-0407","actions_run","Trigger actions_run #21: a specific actions_run event happens that needs policy lookup","condition_actions_run_7: a runtime boolean that the agent can evaluate","if_action_actions_run_12: do the correct thing per GitHub docs","else_action_actions_run_7: page on-call or block + require human","high","docs.github.com/actions_run"
"GH-0408","actions_run","Trigger actions_run #21: a specific actions_run event happens that needs policy lookup","condition_actions_run_8: a runtime boolean that the agent can evaluate","if_action_actions_run_13: do the correct thing per GitHub docs","else_action_actions_run_8: page on-call or block + require human","high","docs.github.com/actions_run"
"GH-0409","actions_run","Trigger actions_run #21: a specific actions_run event happens that needs policy lookup","condition_actions_run_9: a runtime boolean that the agent can evaluate","if_action_actions_run_14: do the correct thing per GitHub docs","else_action_actions_run_1: page on-call or block + require human","high","docs.github.com/actions_run"
"GH-0410","actions_run","Trigger actions_run #21: a specific actions_run event happens that needs policy lookup","condition_actions_run_10: a runtime boolean that the agent can evaluate","if_action_actions_run_15: do the correct thing per GitHub docs","else_action_actions_run_2: page on-call or block + require human","high","docs.github.com/actions_run"
"GH-0411","actions_run","Trigger actions_run #21: a specific actions_run event happens that needs policy lookup","condition_actions_run_11: a runtime boolean that the agent can evaluate","if_action_actions_run_1: do the correct thing per GitHub docs","else_action_actions_run_3: page on-call or block + require human","high","docs.github.com/actions_run"
"GH-0412","actions_run","Trigger actions_run #21: a specific actions_run event happens that needs policy lookup","condition_actions_run_12: a runtime boolean that the agent can evaluate","if_action_actions_run_2: do the correct thing per GitHub docs","else_action_actions_run_4: page on-call or block + require human","high","docs.github.com/actions_run"
"GH-0413","actions_run","Trigger actions_run #21: a specific actions_run event happens that needs policy lookup","condition_actions_run_13: a runtime boolean that the agent can evaluate","if_action_actions_run_3: do the correct thing per GitHub docs","else_action_actions_run_5: page on-call or block + require human","high","docs.github.com/actions_run"
"GH-0414","actions_run","Trigger actions_run #21: a specific actions_run event happens that needs policy lookup","condition_actions_run_14: a runtime boolean that the agent can evaluate","if_action_actions_run_4: do the correct thing per GitHub docs","else_action_actions_run_6: page on-call or block + require human","high","docs.github.com/actions_run"
"GH-0415","actions_run","Trigger actions_run #21: a specific actions_run event happens that needs policy lookup","condition_actions_run_15: a runtime boolean that the agent can evaluate","if_action_actions_run_5: do the correct thing per GitHub docs","else_action_actions_run_7: page on-call or block + require human","high","docs.github.com/actions_run"
"GH-0416","actions_run","Trigger actions_run #21: a specific actions_run event happens that needs policy lookup","condition_actions_run_16: a runtime boolean that the agent can evaluate","if_action_actions_run_6: do the correct thing per GitHub docs","else_action_actions_run_8: page on-call or block + require human","high","docs.github.com/actions_run"
"GH-0417","actions_run","Trigger actions_run #21: a specific actions_run event happens that needs policy lookup","condition_actions_run_17: a runtime boolean that the agent can evaluate","if_action_actions_run_7: do the correct thing per GitHub docs","else_action_actions_run_1: page on-call or block + require human","high","docs.github.com/actions_run"
"GH-0418","actions_run","Trigger actions_run #21: a specific actions_run event happens that needs policy lookup","condition_actions_run_18: a runtime boolean that the agent can evaluate","if_action_actions_run_8: do the correct thing per GitHub docs","else_action_actions_run_2: page on-call or block + require human","high","docs.github.com/actions_run"
"GH-0419","actions_run","Trigger actions_run #21: a specific actions_run event happens that needs policy lookup","condition_actions_run_19: a runtime boolean that the agent can evaluate","if_action_actions_run_9: do the correct thing per GitHub docs","else_action_actions_run_3: page on-call or block + require human","high","docs.github.com/actions_run"
"GH-0420","actions_run","Trigger actions_run #21: a specific actions_run event happens that needs policy lookup","condition_actions_run_20: a runtime boolean that the agent can evaluate","if_action_actions_run_10: do the correct thing per GitHub docs","else_action_actions_run_4: page on-call or block + require human","high","docs.github.com/actions_run"
"GH-0421","actions_run","Trigger actions_run #22: a specific actions_run event happens that needs policy lookup","condition_actions_run_1: a runtime boolean that the agent can evaluate","if_action_actions_run_7: do the correct thing per GitHub docs","else_action_actions_run_1: page on-call or block + require human","high","docs.github.com/actions_run"
"GH-0422","actions_run","Trigger actions_run #22: a specific actions_run event happens that needs policy lookup","condition_actions_run_2: a runtime boolean that the agent can evaluate","if_action_actions_run_8: do the correct thing per GitHub docs","else_action_actions_run_2: page on-call or block + require human","high","docs.github.com/actions_run"
"GH-0423","actions_run","Trigger actions_run #22: a specific actions_run event happens that needs policy lookup","condition_actions_run_3: a runtime boolean that the agent can evaluate","if_action_actions_run_9: do the correct thing per GitHub docs","else_action_actions_run_3: page on-call or block + require human","high","docs.github.com/actions_run"
"GH-0424","actions_run","Trigger actions_run #22: a specific actions_run event happens that needs policy lookup","condition_actions_run_4: a runtime boolean that the agent can evaluate","if_action_actions_run_10: do the correct thing per GitHub docs","else_action_actions_run_4: page on-call or block + require human","high","docs.github.com/actions_run"
"GH-0425","actions_run","Trigger actions_run #22: a specific actions_run event happens that needs policy lookup","condition_actions_run_5: a runtime boolean that the agent can evaluate","if_action_actions_run_11: do the correct thing per GitHub docs","else_action_actions_run_5: page on-call or block + require human","high","docs.github.com/actions_run"
"GH-0426","actions_run","Trigger actions_run #22: a specific actions_run event happens that needs policy lookup","condition_actions_run_6: a runtime boolean that the agent can evaluate","if_action_actions_run_12: do the correct thing per GitHub docs","else_action_actions_run_6: page on-call or block + require human","high","docs.github.com/actions_run"
"GH-0427","actions_run","Trigger actions_run #22: a specific actions_run event happens that needs policy lookup","condition_actions_run_7: a runtime boolean that the agent can evaluate","if_action_actions_run_13: do the correct thing per GitHub docs","else_action_actions_run_7: page on-call or block + require human","high","docs.github.com/actions_run"
"GH-0428","actions_run","Trigger actions_run #22: a specific actions_run event happens that needs policy lookup","condition_actions_run_8: a runtime boolean that the agent can evaluate","if_action_actions_run_14: do the correct thing per GitHub docs","else_action_actions_run_8: page on-call or block + require human","high","docs.github.com/actions_run"
"GH-0429","actions_run","Trigger actions_run #22: a specific actions_run event happens that needs policy lookup","condition_actions_run_9: a runtime boolean that the agent can evaluate","if_action_actions_run_15: do the correct thing per GitHub docs","else_action_actions_run_1: page on-call or block + require human","high","docs.github.com/actions_run"
"GH-0430","actions_run","Trigger actions_run #22: a specific actions_run event happens that needs policy lookup","condition_actions_run_10: a runtime boolean that the agent can evaluate","if_action_actions_run_1: do the correct thing per GitHub docs","else_action_actions_run_2: page on-call or block + require human","high","docs.github.com/actions_run"
"GH-0431","actions_run","Trigger actions_run #22: a specific actions_run event happens that needs policy lookup","condition_actions_run_11: a runtime boolean that the agent can evaluate","if_action_actions_run_2: do the correct thing per GitHub docs","else_action_actions_run_3: page on-call or block + require human","high","docs.github.com/actions_run"
"GH-0432","actions_run","Trigger actions_run #22: a specific actions_run event happens that needs policy lookup","condition_actions_run_12: a runtime boolean that the agent can evaluate","if_action_actions_run_3: do the correct thing per GitHub docs","else_action_actions_run_4: page on-call or block + require human","high","docs.github.com/actions_run"
"GH-0433","actions_run","Trigger actions_run #22: a specific actions_run event happens that needs policy lookup","condition_actions_run_13: a runtime boolean that the agent can evaluate","if_action_actions_run_4: do the correct thing per GitHub docs","else_action_actions_run_5: page on-call or block + require human","high","docs.github.com/actions_run"
"GH-0434","actions_run","Trigger actions_run #22: a specific actions_run event happens that needs policy lookup","condition_actions_run_14: a runtime boolean that the agent can evaluate","if_action_actions_run_5: do the correct thing per GitHub docs","else_action_actions_run_6: page on-call or block + require human","high","docs.github.com/actions_run"
"GH-0435","actions_run","Trigger actions_run #22: a specific actions_run event happens that needs policy lookup","condition_actions_run_15: a runtime boolean that the agent can evaluate","if_action_actions_run_6: do the correct thing per GitHub docs","else_action_actions_run_7: page on-call or block + require human","high","docs.github.com/actions_run"
"GH-0436","actions_run","Trigger actions_run #22: a specific actions_run event happens that needs policy lookup","condition_actions_run_16: a runtime boolean that the agent can evaluate","if_action_actions_run_7: do the correct thing per GitHub docs","else_action_actions_run_8: page on-call or block + require human","high","docs.github.com/actions_run"
"GH-0437","actions_run","Trigger actions_run #22: a specific actions_run event happens that needs policy lookup","condition_actions_run_17: a runtime boolean that the agent can evaluate","if_action_actions_run_8: do the correct thing per GitHub docs","else_action_actions_run_1: page on-call or block + require human","high","docs.github.com/actions_run"
"GH-0438","actions_run","Trigger actions_run #22: a specific actions_run event happens that needs policy lookup","condition_actions_run_18: a runtime boolean that the agent can evaluate","if_action_actions_run_9: do the correct thing per GitHub docs","else_action_actions_run_2: page on-call or block + require human","high","docs.github.com/actions_run"
"GH-0439","actions_run","Trigger actions_run #22: a specific actions_run event happens that needs policy lookup","condition_actions_run_19: a runtime boolean that the agent can evaluate","if_action_actions_run_10: do the correct thing per GitHub docs","else_action_actions_run_3: page on-call or block + require human","high","docs.github.com/actions_run"
"GH-0440","actions_run","Trigger actions_run #22: a specific actions_run event happens that needs policy lookup","condition_actions_run_20: a runtime boolean that the agent can evaluate","if_action_actions_run_11: do the correct thing per GitHub docs","else_action_actions_run_4: page on-call or block + require human","high","docs.github.com/actions_run"
"GH-0441","actions_run","Trigger actions_run #23: a specific actions_run event happens that needs policy lookup","condition_actions_run_1: a runtime boolean that the agent can evaluate","if_action_actions_run_8: do the correct thing per GitHub docs","else_action_actions_run_1: page on-call or block + require human","high","docs.github.com/actions_run"
"GH-0442","actions_run","Trigger actions_run #23: a specific actions_run event happens that needs policy lookup","condition_actions_run_2: a runtime boolean that the agent can evaluate","if_action_actions_run_9: do the correct thing per GitHub docs","else_action_actions_run_2: page on-call or block + require human","high","docs.github.com/actions_run"
"GH-0443","actions_run","Trigger actions_run #23: a specific actions_run event happens that needs policy lookup","condition_actions_run_3: a runtime boolean that the agent can evaluate","if_action_actions_run_10: do the correct thing per GitHub docs","else_action_actions_run_3: page on-call or block + require human","high","docs.github.com/actions_run"
"GH-0444","actions_run","Trigger actions_run #23: a specific actions_run event happens that needs policy lookup","condition_actions_run_4: a runtime boolean that the agent can evaluate","if_action_actions_run_11: do the correct thing per GitHub docs","else_action_actions_run_4: page on-call or block + require human","high","docs.github.com/actions_run"
"GH-0445","actions_run","Trigger actions_run #23: a specific actions_run event happens that needs policy lookup","condition_actions_run_5: a runtime boolean that the agent can evaluate","if_action_actions_run_12: do the correct thing per GitHub docs","else_action_actions_run_5: page on-call or block + require human","high","docs.github.com/actions_run"
"GH-0446","actions_run","Trigger actions_run #23: a specific actions_run event happens that needs policy lookup","condition_actions_run_6: a runtime boolean that the agent can evaluate","if_action_actions_run_13: do the correct thing per GitHub docs","else_action_actions_run_6: page on-call or block + require human","high","docs.github.com/actions_run"
"GH-0447","actions_run","Trigger actions_run #23: a specific actions_run event happens that needs policy lookup","condition_actions_run_7: a runtime boolean that the agent can evaluate","if_action_actions_run_14: do the correct thing per GitHub docs","else_action_actions_run_7: page on-call or block + require human","high","docs.github.com/actions_run"
"GH-0448","actions_run","Trigger actions_run #23: a specific actions_run event happens that needs policy lookup","condition_actions_run_8: a runtime boolean that the agent can evaluate","if_action_actions_run_15: do the correct thing per GitHub docs","else_action_actions_run_8: page on-call or block + require human","high","docs.github.com/actions_run"
"GH-0449","actions_run","Trigger actions_run #23: a specific actions_run event happens that needs policy lookup","condition_actions_run_9: a runtime boolean that the agent can evaluate","if_action_actions_run_1: do the correct thing per GitHub docs","else_action_actions_run_1: page on-call or block + require human","high","docs.github.com/actions_run"
"GH-0450","actions_run","Trigger actions_run #23: a specific actions_run event happens that needs policy lookup","condition_actions_run_10: a runtime boolean that the agent can evaluate","if_action_actions_run_2: do the correct thing per GitHub docs","else_action_actions_run_2: page on-call or block + require human","high","docs.github.com/actions_run"
"GH-0451","actions_run","Trigger actions_run #23: a specific actions_run event happens that needs policy lookup","condition_actions_run_11: a runtime boolean that the agent can evaluate","if_action_actions_run_3: do the correct thing per GitHub docs","else_action_actions_run_3: page on-call or block + require human","high","docs.github.com/actions_run"
"GH-0452","actions_run","Trigger actions_run #23: a specific actions_run event happens that needs policy lookup","condition_actions_run_12: a runtime boolean that the agent can evaluate","if_action_actions_run_4: do the correct thing per GitHub docs","else_action_actions_run_4: page on-call or block + require human","high","docs.github.com/actions_run"
"GH-0453","actions_run","Trigger actions_run #23: a specific actions_run event happens that needs policy lookup","condition_actions_run_13: a runtime boolean that the agent can evaluate","if_action_actions_run_5: do the correct thing per GitHub docs","else_action_actions_run_5: page on-call or block + require human","high","docs.github.com/actions_run"
"GH-0454","actions_run","Trigger actions_run #23: a specific actions_run event happens that needs policy lookup","condition_actions_run_14: a runtime boolean that the agent can evaluate","if_action_actions_run_6: do the correct thing per GitHub docs","else_action_actions_run_6: page on-call or block + require human","high","docs.github.com/actions_run"
"GH-0455","actions_run","Trigger actions_run #23: a specific actions_run event happens that needs policy lookup","condition_actions_run_15: a runtime boolean that the agent can evaluate","if_action_actions_run_7: do the correct thing per GitHub docs","else_action_actions_run_7: page on-call or block + require human","high","docs.github.com/actions_run"
"GH-0456","actions_run","Trigger actions_run #23: a specific actions_run event happens that needs policy lookup","condition_actions_run_16: a runtime boolean that the agent can evaluate","if_action_actions_run_8: do the correct thing per GitHub docs","else_action_actions_run_8: page on-call or block + require human","high","docs.github.com/actions_run"
"GH-0457","actions_run","Trigger actions_run #23: a specific actions_run event happens that needs policy lookup","condition_actions_run_17: a runtime boolean that the agent can evaluate","if_action_actions_run_9: do the correct thing per GitHub docs","else_action_actions_run_1: page on-call or block + require human","high","docs.github.com/actions_run"
"GH-0458","actions_run","Trigger actions_run #23: a specific actions_run event happens that needs policy lookup","condition_actions_run_18: a runtime boolean that the agent can evaluate","if_action_actions_run_10: do the correct thing per GitHub docs","else_action_actions_run_2: page on-call or block + require human","high","docs.github.com/actions_run"
"GH-0459","actions_run","Trigger actions_run #23: a specific actions_run event happens that needs policy lookup","condition_actions_run_19: a runtime boolean that the agent can evaluate","if_action_actions_run_11: do the correct thing per GitHub docs","else_action_actions_run_3: page on-call or block + require human","high","docs.github.com/actions_run"
"GH-0460","actions_run","Trigger actions_run #23: a specific actions_run event happens that needs policy lookup","condition_actions_run_20: a runtime boolean that the agent can evaluate","if_action_actions_run_12: do the correct thing per GitHub docs","else_action_actions_run_4: page on-call or block + require human","high","docs.github.com/actions_run"
"GH-0461","actions_run","Trigger actions_run #24: a specific actions_run event happens that needs policy lookup","condition_actions_run_1: a runtime boolean that the agent can evaluate","if_action_actions_run_9: do the correct thing per GitHub docs","else_action_actions_run_1: page on-call or block + require human","high","docs.github.com/actions_run"
"GH-0462","actions_run","Trigger actions_run #24: a specific actions_run event happens that needs policy lookup","condition_actions_run_2: a runtime boolean that the agent can evaluate","if_action_actions_run_10: do the correct thing per GitHub docs","else_action_actions_run_2: page on-call or block + require human","high","docs.github.com/actions_run"
"GH-0463","actions_run","Trigger actions_run #24: a specific actions_run event happens that needs policy lookup","condition_actions_run_3: a runtime boolean that the agent can evaluate","if_action_actions_run_11: do the correct thing per GitHub docs","else_action_actions_run_3: page on-call or block + require human","high","docs.github.com/actions_run"
"GH-0464","actions_run","Trigger actions_run #24: a specific actions_run event happens that needs policy lookup","condition_actions_run_4: a runtime boolean that the agent can evaluate","if_action_actions_run_12: do the correct thing per GitHub docs","else_action_actions_run_4: page on-call or block + require human","high","docs.github.com/actions_run"
"GH-0465","actions_run","Trigger actions_run #24: a specific actions_run event happens that needs policy lookup","condition_actions_run_5: a runtime boolean that the agent can evaluate","if_action_actions_run_13: do the correct thing per GitHub docs","else_action_actions_run_5: page on-call or block + require human","high","docs.github.com/actions_run"
"GH-0466","actions_run","Trigger actions_run #24: a specific actions_run event happens that needs policy lookup","condition_actions_run_6: a runtime boolean that the agent can evaluate","if_action_actions_run_14: do the correct thing per GitHub docs","else_action_actions_run_6: page on-call or block + require human","high","docs.github.com/actions_run"
"GH-0467","actions_run","Trigger actions_run #24: a specific actions_run event happens that needs policy lookup","condition_actions_run_7: a runtime boolean that the agent can evaluate","if_action_actions_run_15: do the correct thing per GitHub docs","else_action_actions_run_7: page on-call or block + require human","high","docs.github.com/actions_run"
"GH-0468","actions_run","Trigger actions_run #24: a specific actions_run event happens that needs policy lookup","condition_actions_run_8: a runtime boolean that the agent can evaluate","if_action_actions_run_1: do the correct thing per GitHub docs","else_action_actions_run_8: page on-call or block + require human","high","docs.github.com/actions_run"
"GH-0469","actions_run","Trigger actions_run #24: a specific actions_run event happens that needs policy lookup","condition_actions_run_9: a runtime boolean that the agent can evaluate","if_action_actions_run_2: do the correct thing per GitHub docs","else_action_actions_run_1: page on-call or block + require human","high","docs.github.com/actions_run"
"GH-0470","actions_run","Trigger actions_run #24: a specific actions_run event happens that needs policy lookup","condition_actions_run_10: a runtime boolean that the agent can evaluate","if_action_actions_run_3: do the correct thing per GitHub docs","else_action_actions_run_2: page on-call or block + require human","high","docs.github.com/actions_run"
"GH-0471","actions_run","Trigger actions_run #24: a specific actions_run event happens that needs policy lookup","condition_actions_run_11: a runtime boolean that the agent can evaluate","if_action_actions_run_4: do the correct thing per GitHub docs","else_action_actions_run_3: page on-call or block + require human","high","docs.github.com/actions_run"
"GH-0472","actions_run","Trigger actions_run #24: a specific actions_run event happens that needs policy lookup","condition_actions_run_12: a runtime boolean that the agent can evaluate","if_action_actions_run_5: do the correct thing per GitHub docs","else_action_actions_run_4: page on-call or block + require human","high","docs.github.com/actions_run"
"GH-0473","actions_run","Trigger actions_run #24: a specific actions_run event happens that needs policy lookup","condition_actions_run_13: a runtime boolean that the agent can evaluate","if_action_actions_run_6: do the correct thing per GitHub docs","else_action_actions_run_5: page on-call or block + require human","high","docs.github.com/actions_run"
"GH-0474","actions_run","Trigger actions_run #24: a specific actions_run event happens that needs policy lookup","condition_actions_run_14: a runtime boolean that the agent can evaluate","if_action_actions_run_7: do the correct thing per GitHub docs","else_action_actions_run_6: page on-call or block + require human","high","docs.github.com/actions_run"
"GH-0475","actions_run","Trigger actions_run #24: a specific actions_run event happens that needs policy lookup","condition_actions_run_15: a runtime boolean that the agent can evaluate","if_action_actions_run_8: do the correct thing per GitHub docs","else_action_actions_run_7: page on-call or block + require human","high","docs.github.com/actions_run"
"GH-0476","actions_run","Trigger actions_run #24: a specific actions_run event happens that needs policy lookup","condition_actions_run_16: a runtime boolean that the agent can evaluate","if_action_actions_run_9: do the correct thing per GitHub docs","else_action_actions_run_8: page on-call or block + require human","high","docs.github.com/actions_run"
"GH-0477","actions_run","Trigger actions_run #24: a specific actions_run event happens that needs policy lookup","condition_actions_run_17: a runtime boolean that the agent can evaluate","if_action_actions_run_10: do the correct thing per GitHub docs","else_action_actions_run_1: page on-call or block + require human","high","docs.github.com/actions_run"
"GH-0478","actions_run","Trigger actions_run #24: a specific actions_run event happens that needs policy lookup","condition_actions_run_18: a runtime boolean that the agent can evaluate","if_action_actions_run_11: do the correct thing per GitHub docs","else_action_actions_run_2: page on-call or block + require human","high","docs.github.com/actions_run"
"GH-0479","actions_run","Trigger actions_run #24: a specific actions_run event happens that needs policy lookup","condition_actions_run_19: a runtime boolean that the agent can evaluate","if_action_actions_run_12: do the correct thing per GitHub docs","else_action_actions_run_3: page on-call or block + require human","high","docs.github.com/actions_run"
"GH-0480","actions_run","Trigger actions_run #24: a specific actions_run event happens that needs policy lookup","condition_actions_run_20: a runtime boolean that the agent can evaluate","if_action_actions_run_13: do the correct thing per GitHub docs","else_action_actions_run_4: page on-call or block + require human","high","docs.github.com/actions_run"
"GH-0481","actions_run","Trigger actions_run #25: a specific actions_run event happens that needs policy lookup","condition_actions_run_1: a runtime boolean that the agent can evaluate","if_action_actions_run_10: do the correct thing per GitHub docs","else_action_actions_run_1: page on-call or block + require human","high","docs.github.com/actions_run"
"GH-0482","actions_run","Trigger actions_run #25: a specific actions_run event happens that needs policy lookup","condition_actions_run_2: a runtime boolean that the agent can evaluate","if_action_actions_run_11: do the correct thing per GitHub docs","else_action_actions_run_2: page on-call or block + require human","high","docs.github.com/actions_run"
"GH-0483","actions_run","Trigger actions_run #25: a specific actions_run event happens that needs policy lookup","condition_actions_run_3: a runtime boolean that the agent can evaluate","if_action_actions_run_12: do the correct thing per GitHub docs","else_action_actions_run_3: page on-call or block + require human","high","docs.github.com/actions_run"
"GH-0484","actions_run","Trigger actions_run #25: a specific actions_run event happens that needs policy lookup","condition_actions_run_4: a runtime boolean that the agent can evaluate","if_action_actions_run_13: do the correct thing per GitHub docs","else_action_actions_run_4: page on-call or block + require human","high","docs.github.com/actions_run"
"GH-0485","actions_run","Trigger actions_run #25: a specific actions_run event happens that needs policy lookup","condition_actions_run_5: a runtime boolean that the agent can evaluate","if_action_actions_run_14: do the correct thing per GitHub docs","else_action_actions_run_5: page on-call or block + require human","high","docs.github.com/actions_run"
"GH-0486","actions_run","Trigger actions_run #25: a specific actions_run event happens that needs policy lookup","condition_actions_run_6: a runtime boolean that the agent can evaluate","if_action_actions_run_15: do the correct thing per GitHub docs","else_action_actions_run_6: page on-call or block + require human","high","docs.github.com/actions_run"
"GH-0487","actions_run","Trigger actions_run #25: a specific actions_run event happens that needs policy lookup","condition_actions_run_7: a runtime boolean that the agent can evaluate","if_action_actions_run_1: do the correct thing per GitHub docs","else_action_actions_run_7: page on-call or block + require human","high","docs.github.com/actions_run"
"GH-0488","actions_run","Trigger actions_run #25: a specific actions_run event happens that needs policy lookup","condition_actions_run_8: a runtime boolean that the agent can evaluate","if_action_actions_run_2: do the correct thing per GitHub docs","else_action_actions_run_8: page on-call or block + require human","high","docs.github.com/actions_run"
"GH-0489","actions_run","Trigger actions_run #25: a specific actions_run event happens that needs policy lookup","condition_actions_run_9: a runtime boolean that the agent can evaluate","if_action_actions_run_3: do the correct thing per GitHub docs","else_action_actions_run_1: page on-call or block + require human","high","docs.github.com/actions_run"
"GH-0490","actions_run","Trigger actions_run #25: a specific actions_run event happens that needs policy lookup","condition_actions_run_10: a runtime boolean that the agent can evaluate","if_action_actions_run_4: do the correct thing per GitHub docs","else_action_actions_run_2: page on-call or block + require human","high","docs.github.com/actions_run"
"GH-0491","actions_run","Trigger actions_run #25: a specific actions_run event happens that needs policy lookup","condition_actions_run_11: a runtime boolean that the agent can evaluate","if_action_actions_run_5: do the correct thing per GitHub docs","else_action_actions_run_3: page on-call or block + require human","high","docs.github.com/actions_run"
"GH-0492","actions_run","Trigger actions_run #25: a specific actions_run event happens that needs policy lookup","condition_actions_run_12: a runtime boolean that the agent can evaluate","if_action_actions_run_6: do the correct thing per GitHub docs","else_action_actions_run_4: page on-call or block + require human","high","docs.github.com/actions_run"
"GH-0493","actions_run","Trigger actions_run #25: a specific actions_run event happens that needs policy lookup","condition_actions_run_13: a runtime boolean that the agent can evaluate","if_action_actions_run_7: do the correct thing per GitHub docs","else_action_actions_run_5: page on-call or block + require human","high","docs.github.com/actions_run"
"GH-0494","actions_run","Trigger actions_run #25: a specific actions_run event happens that needs policy lookup","condition_actions_run_14: a runtime boolean that the agent can evaluate","if_action_actions_run_8: do the correct thing per GitHub docs","else_action_actions_run_6: page on-call or block + require human","high","docs.github.com/actions_run"
"GH-0495","actions_run","Trigger actions_run #25: a specific actions_run event happens that needs policy lookup","condition_actions_run_15: a runtime boolean that the agent can evaluate","if_action_actions_run_9: do the correct thing per GitHub docs","else_action_actions_run_7: page on-call or block + require human","high","docs.github.com/actions_run"
"GH-0496","actions_run","Trigger actions_run #25: a specific actions_run event happens that needs policy lookup","condition_actions_run_16: a runtime boolean that the agent can evaluate","if_action_actions_run_10: do the correct thing per GitHub docs","else_action_actions_run_8: page on-call or block + require human","high","docs.github.com/actions_run"
"GH-0497","actions_run","Trigger actions_run #25: a specific actions_run event happens that needs policy lookup","condition_actions_run_17: a runtime boolean that the agent can evaluate","if_action_actions_run_11: do the correct thing per GitHub docs","else_action_actions_run_1: page on-call or block + require human","high","docs.github.com/actions_run"
"GH-0498","actions_run","Trigger actions_run #25: a specific actions_run event happens that needs policy lookup","condition_actions_run_18: a runtime boolean that the agent can evaluate","if_action_actions_run_12: do the correct thing per GitHub docs","else_action_actions_run_2: page on-call or block + require human","high","docs.github.com/actions_run"
"GH-0499","actions_run","Trigger actions_run #25: a specific actions_run event happens that needs policy lookup","condition_actions_run_19: a runtime boolean that the agent can evaluate","if_action_actions_run_13: do the correct thing per GitHub docs","else_action_actions_run_3: page on-call or block + require human","high","docs.github.com/actions_run"
"GH-0500","actions_run","Trigger actions_run #25: a specific actions_run event happens that needs policy lookup","condition_actions_run_20: a runtime boolean that the agent can evaluate","if_action_actions_run_14: do the correct thing per GitHub docs","else_action_actions_run_4: page on-call or block + require human","high","docs.github.com/actions_run"
